{"stats":{"minecraft:crafted":{"minecraft:cooked_beef":4,"minecraft:oak_planks":72,"minecraft:cooked_porkchop":3,"minecraft:crafting_table":3,"minecraft:wooden_pickaxe":1,"minecraft:furnace":2,"minecraft:cooked_salmon":4,"minecraft:stone_axe":1,"minecraft:cooked_mutton":1,"minecraft:air":0,"minecraft:jungle_planks":56,"minecraft:flint_and_steel":1,"minecraft:stick":8,"minecraft:iron_ingot":5,"minecraft:iron_pickaxe":1,"minecraft:stone_pickaxe":1,"minecraft:wooden_axe":1,"minecraft:torch":42},"minecraft:broken":{"minecraft:wooden_axe":1},"minecraft:custom":{"minecraft:interact_with_furnace":20,"minecraft:mob_kills":31,"minecraft:animals_bred":1,"minecraft:interact_with_crafting_table":14,"minecraft:leave_game":9,"minecraft:time_since_death":41561,"minecraft:climb_one_cm":370,"minecraft:time_since_rest":41561,"minecraft:sprint_one_cm":118895,"minecraft:damage_taken":630,"minecraft:walk_one_cm":82200,"minecraft:drop":24,"minecraft:damage_dealt":2984,"minecraft:swim_one_cm":39457,"minecraft:fly_one_cm":139744,"minecraft:crouch_one_cm":3223,"minecraft:play_time":41561,"tombstone:undead_killed":4,"minecraft:sneak_time":1524,"minecraft:walk_under_water_one_cm":14380,"minecraft:jump":2048,"minecraft:walk_on_water_one_cm":6394,"minecraft:total_world_time":41561,"minecraft:fall_one_cm":22726},"minecraft:killed":{"minecraft:pig":6,"minecraft:salmon":4,"minecraft:sheep":6,"minecraft:zombie":4,"minecraft:chicken":5,"minecraft:cow":4},"minecraft:mined":{"minecraft:acacia_leaves":136,"minecraft:jungle_leaves":261,"minecraft:crafting_table":2,"minecraft:glow_lichen":2,"minecraft:granite":2,"minecraft:short_grass":61,"minecraft:acacia_log":4,"minecraft:grass_block":110,"minecraft:jungle_log":24,"minecraft:copper_ore":22,"minecraft:tall_grass":1,"minecraft:oak_planks":4,"minecraft:diorite":23,"minecraft:furnace":5,"minecraft:iron_ore":5,"minecraft:fire":2,"minecraft:oak_log":20,"minecraft:coal_ore":97,"minecraft:flowering_azalea_leaves":16,"minecraft:cocoa":3,"minecraft:vine":153,"minecraft:gravel":12,"minecraft:dirt":192,"minecraft:azalea_leaves":51,"minecraft:bamboo":6,"minecraft:stone":846,"minecraft:white_wool":2,"minecraft:oak_leaves":230},"minecraft:picked_up":{"minecraft:cocoa_beans":9,"minecraft:crafting_table":1,"minecraft:feather":6,"minecraft:chicken":5,"minecraft:salmon":4,"minecraft:jungle_log":14,"minecraft:leather":5,"minecraft:wooden_pickaxe":1,"minecraft:flint":1,"minecraft:oak_log":18,"minecraft:gunpowder":5,"minecraft:dirt":160,"minecraft:raw_copper":68,"minecraft:apple":1,"minecraft:wheat_seeds":9,"minecraft:beef":8,"minecraft:azalea":1,"minecraft:jungle_sapling":3,"minecraft:bamboo":23,"minecraft:oak_planks":4,"minecraft:acacia_sapling":4,"minecraft:furnace":5,"minecraft:stick":17,"minecraft:raw_iron":5,"minecraft:torch":1,"minecraft:gravel":18,"minecraft:porkchop":11,"tombstone:grave_dust":1,"minecraft:diorite":28,"minecraft:carrot":1,"minecraft:rotten_flesh":5,"minecraft:granite":2,"minecraft:bone_meal":1,"minecraft:oak_sapling":6,"minecraft:mutton":7,"minecraft:coal":138,"minecraft:white_wool":7,"minecraft:cobblestone":439},"minecraft:used":{"minecraft:cooked_mutton":1,"minecraft:flint_and_steel":15,"minecraft:stone_pickaxe":74,"minecraft:oak_planks":4,"minecraft:wooden_pickaxe":21,"minecraft:white_wool":2,"minecraft:torch":20,"minecraft:dirt":104,"minecraft:mutton":1,"minecraft:crafting_table":3,"minecraft:acacia_sapling":4,"minecraft:granite":2,"minecraft:wooden_axe":35,"minecraft:apple":1,"minecraft:iron_pickaxe":4,"minecraft:stone_axe":59,"minecraft:cobblestone":8,"minecraft:beef":4,"minecraft:oak_sapling":3,"minecraft:furnace":7,"minecraft:cooked_porkchop":3,"minecraft:cooked_beef":4},"minecraft:dropped":{"minecraft:gravel":9,"minecraft:wheat_seeds":6,"minecraft:raw_copper":3,"minecraft:cobblestone":95,"minecraft:rotten_flesh":5,"minecraft:dirt":1,"minecraft:gunpowder":4,"minecraft:diorite":14,"minecraft:oak_sapling":3,"minecraft:jungle_sapling":3,"minecraft:wooden_pickaxe":1}},"DataVersion":3700}