{"stats":{"minecraft:crafted":{"minecraft:oak_planks":72,"minecraft:cooked_chicken":5,"minecraft:furnace":2,"minecraft:cooked_mutton":4,"minecraft:flint_and_steel":1,"minecraft:stone_pickaxe":1,"minecraft:chest":2,"minecraft:cooked_beef":4,"minecraft:cooked_porkchop":14,"minecraft:crafting_table":5,"minecraft:wooden_pickaxe":1,"minecraft:cooked_salmon":4,"minecraft:stone_axe":7,"minecraft:air":0,"minecraft:jungle_planks":56,"minecraft:stick":36,"minecraft:iron_ingot":5,"minecraft:iron_pickaxe":1,"minecraft:wooden_axe":1,"minecraft:torch":46},"minecraft:broken":{"minecraft:wooden_pickaxe":1,"minecraft:stone_pickaxe":1,"minecraft:stone_axe":5,"minecraft:wooden_axe":1},"minecraft:killed_by":{"minecraft:husk":3,"minecraft:player":1,"minecraft:zombie":1},"minecraft:custom":{"minecraft:mob_kills":87,"minecraft:animals_bred":1,"minecraft:interact_with_crafting_table":27,"minecraft:open_barrel":14,"minecraft:damage_dealt_resisted":2117,"minecraft:eat_cake_slice":4,"minecraft:leave_game":9,"minecraft:time_since_death":22680,"minecraft:climb_one_cm":50550,"minecraft:damage_resisted":288,"minecraft:sprint_one_cm":239058,"minecraft:walk_one_cm":194883,"minecraft:drop":101,"minecraft:play_noteblock":1,"minecraft:play_time":125561,"minecraft:deaths":6,"minecraft:sneak_time":14279,"minecraft:walk_under_water_one_cm":27271,"minecraft:boat_one_cm":4210,"minecraft:jump":3769,"minecraft:interact_with_blast_furnace":3,"minecraft:walk_on_water_one_cm":36869,"minecraft:total_world_time":125561,"minecraft:interact_with_furnace":33,"minecraft:interact_with_cartography_table":1,"minecraft:tune_noteblock":8,"minecraft:sleep_in_bed":2,"minecraft:time_since_rest":22136,"minecraft:damage_taken":4421,"minecraft:damage_dealt":21932,"minecraft:swim_one_cm":44485,"minecraft:fly_one_cm":207907,"minecraft:open_chest":24,"minecraft:crouch_one_cm":40246,"tombstone:undead_killed":58,"minecraft:fall_one_cm":48723},"minecraft:killed":{"minecraft:skeleton":1,"minecraft:chicken":5,"minecraft:husk":52,"minecraft:pig":8,"minecraft:salmon":4,"minecraft:sheep":6,"minecraft:zombie":5,"minecraft:cow":4},"minecraft:mined":{"minecraft:dark_oak_planks":314,"minecraft:dark_prismarine":1,"minecraft:waxed_cut_copper_slab":62,"minecraft:spruce_planks":66,"minecraft:white_bed":1,"minecraft:mossy_cobblestone":4,"minecraft:stripped_mangrove_log":22,"minecraft:jungle_leaves":261,"minecraft:red_nether_bricks":74,"minecraft:cyan_stained_glass":10,"minecraft:mangrove_wall_sign":4,"minecraft:purple_candle":1,"minecraft:spruce_trapdoor":1,"minecraft:glow_lichen":2,"minecraft:granite":2,"minecraft:dark_oak_fence":1,"minecraft:tube_coral_wall_fan":1,"minecraft:acacia_log":4,"minecraft:grass_block":111,"minecraft:mangrove_fence":5,"minecraft:jungle_log":24,"minecraft:mangrove_trapdoor":9,"minecraft:spawner":2,"minecraft:mossy_cobblestone_stairs":1,"minecraft:furnace":9,"minecraft:dark_oak_trapdoor":67,"minecraft:iron_ore":5,"minecraft:fire":14,"minecraft:andesite":1,"minecraft:dark_oak_fence_gate":11,"minecraft:stripped_dark_oak_wood":4,"minecraft:nether_brick_stairs":17,"minecraft:dark_oak_stairs":47,"minecraft:shroomlight":2,"minecraft:polished_deepslate":2,"minecraft:bookshelf":11,"minecraft:vine":153,"minecraft:flowering_azalea_leaves":16,"minecraft:deepslate_brick_stairs":4,"minecraft:potted_cornflower":1,"minecraft:smooth_quartz_stairs":8,"minecraft:azalea_leaves":51,"minecraft:bamboo":6,"minecraft:stripped_mangrove_wood":98,"minecraft:stone":906,"minecraft:player_head":7,"minecraft:spruce_slab":1,"minecraft:white_wool":3,"minecraft:waxed_cut_copper_stairs":30,"minecraft:waxed_cut_copper":2,"minecraft:acacia_leaves":136,"minecraft:mangrove_stairs":27,"minecraft:smoker":1,"minecraft:soul_lantern":1,"minecraft:crafting_table":4,"minecraft:note_block":1,"minecraft:short_grass":66,"minecraft:calcite":118,"minecraft:chest":7,"minecraft:nether_brick_slab":81,"minecraft:lightning_rod":3,"minecraft:tall_grass":6,"minecraft:copper_ore":22,"minecraft:cobblestone":7,"minecraft:cyan_bed":4,"minecraft:oak_planks":4,"minecraft:diorite":34,"minecraft:wall_torch":1,"minecraft:spruce_stairs":3,"minecraft:stone_stairs":4,"minecraft:dark_oak_slab":8,"minecraft:dark_oak_wall_sign":1,"minecraft:sea_pickle":1,"minecraft:birch_trapdoor":7,"minecraft:mangrove_slab":18,"minecraft:coal_ore":101,"minecraft:oak_log":20,"minecraft:cocoa":3,"minecraft:cyan_carpet":2,"minecraft:gravel":12,"minecraft:dirt":243,"minecraft:tripwire_hook":4,"minecraft:stone_bricks":1,"minecraft:polished_deepslate_wall":1,"minecraft:oak_leaves":230,"minecraft:cyan_candle":2},"minecraft:picked_up":{"minecraft:charcoal":2,"minecraft:cocoa_beans":9,"minecraft:birch_door":8,"minecraft:crafting_table":3,"minecraft:rabbit_stew":1,"minecraft:splash_potion":6,"minecraft:chicken":5,"minecraft:redstone_lamp":1,"minecraft:yellow_wool":1,"minecraft:wooden_pickaxe":1,"minecraft:enchanted_book":2,"minecraft:stripped_mangrove_log":18,"minecraft:dark_oak_trapdoor":67,"minecraft:waxed_cut_copper_slab":15,"minecraft:raw_copper":139,"minecraft:red_nether_bricks":27,"minecraft:item_frame":7,"minecraft:armor_stand":1,"minecraft:shroomlight":1,"minecraft:cyan_carpet":34,"minecraft:sea_pickle":2,"minecraft:gold_nugget":10,"minecraft:spruce_planks":36,"minecraft:beef":8,"minecraft:observer":1,"minecraft:cyan_wool":2,"minecraft:player_head":6,"minecraft:jungle_sapling":3,"minecraft:azalea":1,"minecraft:calcite":58,"minecraft:chest":8,"minecraft:smooth_quartz_stairs":6,"minecraft:spruce_trapdoor":8,"minecraft:furnace":12,"minecraft:raw_iron":5,"minecraft:stick":30,"minecraft:stripped_mangrove_wood":40,"minecraft:birch_trapdoor":3,"minecraft:bowl":1,"minecraft:acacia_log":23,"minecraft:torch":2,"minecraft:spruce_stairs":7,"minecraft:note_block":1,"minecraft:porkchop":15,"minecraft:lightning_rod":1,"minecraft:cookie":2,"minecraft:mangrove_sign":2,"tombstone:grave_dust":9,"minecraft:diorite":29,"minecraft:carrot":2,"minecraft:honey_bottle":1,"minecraft:mangrove_trapdoor":8,"minecraft:dark_oak_planks":136,"minecraft:brown_carpet":5,"minecraft:waxed_cut_copper_stairs":12,"minecraft:purple_candle":3,"minecraft:mangrove_stairs":20,"minecraft:rotten_flesh":89,"minecraft:pumpkin_pie":1,"minecraft:stripped_dark_oak_wood":5,"minecraft:waxed_cut_copper":1,"minecraft:deepslate_brick_stairs":8,"minecraft:mutton":7,"minecraft:white_wool":13,"minecraft:cobblestone":614,"minecraft:leather_chestplate":1,"minecraft:cooked_beef":7,"minecraft:feather":6,"minecraft:tripwire_hook":4,"minecraft:jungle_log":14,"minecraft:salmon":4,"minecraft:leather":16,"minecraft:potato":4,"minecraft:mushroom_stew":1,"minecraft:flint":1,"minecraft:oak_log":18,"minecraft:gunpowder":6,"minecraft:mangrove_slab":36,"minecraft:dirt":205,"minecraft:cooked_mutton":1,"minecraft:bone":7,"minecraft:apple":1,"minecraft:gray_carpet":13,"minecraft:wheat_seeds":10,"minecraft:iron_ingot":1,"minecraft:cooked_chicken":1,"minecraft:dark_oak_sign":5,"travelersbackpack:bee":1,"minecraft:cyan_candle":14,"minecraft:bamboo":46,"minecraft:oak_planks":41,"minecraft:acacia_sapling":4,"minecraft:dark_oak_stairs":33,"minecraft:book":9,"minecraft:dark_oak_slab":39,"minecraft:cooked_porkchop":1,"minecraft:gravel":18,"minecraft:jungle_planks":308,"minecraft:nether_brick_stairs":13,"minecraft:dark_oak_fence_gate":14,"minecraft:white_bed":2,"minecraft:nether_brick_slab":60,"minecraft:cyan_bed":3,"minecraft:barrel":1,"minecraft:spruce_door":2,"minecraft:mossy_cobblestone":1,"minecraft:dark_prismarine":40,"travelersbackpack:white_sleeping_bag":1,"minecraft:soul_lantern":6,"minecraft:stone_axe":3,"minecraft:granite":2,"minecraft:bone_meal":2,"minecraft:gray_wool":2,"minecraft:golden_apple":1,"minecraft:spruce_sign":1,"tombstone:magic_scroll":2,"minecraft:oak_sapling":6,"minecraft:smooth_quartz_slab":2,"minecraft:coal":200},"minecraft:used":{"minecraft:flint_and_steel":30,"minecraft:chest":7,"minecraft:player_head":1,"minecraft:cooked_salmon":4,"minecraft:cooked_chicken":6,"minecraft:torch":28,"minecraft:dirt":203,"minecraft:mutton":1,"minecraft:chainmail_chestplate":1,"minecraft:nether_brick_slab":8,"minecraft:acacia_sapling":4,"minecraft:granite":2,"minecraft:birch_door":3,"minecraft:dark_oak_planks":1,"minecraft:wooden_axe":35,"minecraft:birch_trapdoor":1,"minecraft:waxed_cut_copper_slab":7,"minecraft:beef":4,"minecraft:furnace":9,"minecraft:oak_sapling":3,"tombstone:gift":6,"minecraft:cooked_beef":7,"minecraft:cooked_mutton":4,"minecraft:diorite":1,"minecraft:leather_leggings":1,"minecraft:stone_pickaxe":103,"minecraft:red_nether_bricks":1,"minecraft:oak_planks":4,"minecraft:wooden_pickaxe":43,"minecraft:white_wool":2,"minecraft:stripped_mangrove_wood":5,"minecraft:dark_oak_trapdoor":9,"travelersbackpack:bee":1,"minecraft:crafting_table":8,"minecraft:white_bed":1,"minecraft:apple":1,"minecraft:iron_pickaxe":28,"minecraft:stone_axe":405,"minecraft:cobblestone":242,"minecraft:cooked_porkchop":6,"minecraft:waxed_cut_copper_stairs":8},"minecraft:dropped":{"minecraft:nether_brick_stairs":7,"minecraft:dark_oak_stairs":7,"minecraft:stripped_mangrove_wood":3,"minecraft:wheat_seeds":7,"minecraft:mossy_cobblestone":1,"minecraft:cobblestone":173,"minecraft:spruce_stairs":1,"minecraft:stick":8,"minecraft:dirt":1,"minecraft:deepslate_brick_stairs":4,"minecraft:diorite":28,"minecraft:dark_oak_trapdoor":17,"minecraft:mangrove_stairs":6,"minecraft:smooth_quartz_slab":1,"minecraft:jungle_sapling":3,"minecraft:bone_meal":2,"minecraft:dark_oak_planks":10,"minecraft:cyan_carpet":30,"minecraft:waxed_cut_copper_slab":8,"minecraft:bone":2,"minecraft:gravel":18,"minecraft:waxed_cut_copper_stairs":1,"minecraft:nether_brick_slab":30,"minecraft:stone_axe":3,"minecraft:cocoa_beans":9,"minecraft:raw_copper":3,"minecraft:rotten_flesh":31,"minecraft:dark_oak_fence_gate":7,"minecraft:gunpowder":5,"minecraft:birch_trapdoor":1,"minecraft:spruce_trapdoor":5,"minecraft:birch_door":1,"minecraft:azalea":1,"minecraft:oak_sapling":3,"minecraft:bamboo":23,"minecraft:wooden_pickaxe":1,"minecraft:calcite":15,"minecraft:cyan_bed":1,"minecraft:stripped_mangrove_log":7}},"DataVersion":3700}