{"stats":{"minecraft:crafted":{"minecraft:smooth_stone":12,"minecraft:oak_planks":409,"travelersbackpack:crafting_upgrade":1,"minecraft:cooked_chicken":7,"minecraft:stone":12,"minecraft:cooked_mutton":22,"minecraft:glass":33,"minecraft:bow":2,"minecraft:iron_boots":1,"minecraft:chest":9,"minecraft:oak_fence":3,"travelersbackpack:iron_tier_upgrade":1,"minecraft:cooked_porkchop":33,"minecraft:crafting_table":9,"minecraft:spruce_planks":112,"minecraft:iron_helmet":3,"minecraft:baked_potato":17,"minecraft:wooden_pickaxe":1,"minecraft:iron_chestplate":2,"minecraft:diamond_pickaxe":1,"minecraft:shield":2,"minecraft:stick":112,"minecraft:iron_ingot":113,"minecraft:iron_pickaxe":6,"minecraft:iron_block":3,"minecraft:gold_ingot":77,"minecraft:fishing_rod":1,"minecraft:furnace":2,"minecraft:blast_furnace":4,"travelersbackpack:blank_upgrade":4,"travelersbackpack:gold_tier_upgrade":1,"minecraft:flint_and_steel":2,"travelersbackpack:cake":1,"minecraft:iron_axe":2,"minecraft:stone_pickaxe":1,"minecraft:dark_oak_planks":76,"minecraft:lead":2,"travelersbackpack:diamond_tier_upgrade":1,"minecraft:cooked_beef":34,"minecraft:enchanting_table":1,"travelersbackpack:backpack_tank":2,"minecraft:iron_sword":1,"minecraft:cooked_salmon":12,"minecraft:bucket":1,"minecraft:stone_axe":10,"minecraft:jungle_planks":56,"minecraft:air":0,"minecraft:oak_boat":1,"minecraft:wooden_axe":1,"minecraft:anvil":1,"minecraft:torch":262,"minecraft:diamond_chestplate":1},"minecraft:dropped":{"minecraft:nether_brick_stairs":20,"minecraft:spruce_sign":7,"minecraft:iron_sword":1,"minecraft:birch_planks":1,"minecraft:moss_block":1,"minecraft:dark_oak_stairs":24,"minecraft:stripped_mangrove_wood":12,"minecraft:crafting_table":3,"minecraft:cooked_porkchop":19,"minecraft:cookie":1,"minecraft:leather":2,"minecraft:jungle_planks":74,"minecraft:item_frame":10,"minecraft:flint":1,"minecraft:dirt":506,"minecraft:large_fern":8,"minecraft:yellow_dye":1,"minecraft:dark_oak_trapdoor":93,"minecraft:mangrove_stairs":16,"minecraft:stripped_dark_oak_wood":4,"minecraft:chain":1,"minecraft:jungle_sapling":3,"minecraft:pumpkin_pie":2,"minecraft:bone_meal":2,"minecraft:iron_pickaxe":1,"minecraft:dark_oak_planks":157,"minecraft:white_wool":15,"minecraft:mangrove_slab":31,"minecraft:cyan_carpet":73,"minecraft:bone":4,"minecraft:waxed_cut_copper_slab":35,"minecraft:gravel":36,"minecraft:stone_axe":6,"minecraft:waxed_cut_copper_stairs":13,"minecraft:cobbled_deepslate":3264,"minecraft:birch_sapling":1,"minecraft:pointed_dripstone":4,"minecraft:beetroot":10,"minecraft:rotten_flesh":104,"minecraft:oak_planks":25,"minecraft:mangrove_sign":9,"minecraft:waxed_copper_block":1,"minecraft:dark_oak_fence_gate":12,"minecraft:mangrove_fence":1,"minecraft:leather_chestplate":1,"minecraft:gunpowder":5,"minecraft:brick_stairs":1,"minecraft:azalea_leaves":2,"minecraft:birch_trapdoor":1,"minecraft:azalea":1,"minecraft:birch_door":1,"minecraft:red_nether_bricks":9,"minecraft:glass":10,"minecraft:crying_obsidian":2,"minecraft:netherrack":1,"minecraft:enchanted_book":1,"minecraft:iron_ingot":17,"minecraft:stripped_mangrove_log":12,"travelersbackpack:cow":1,"minecraft:wheat_seeds":16,"minecraft:mangrove_trapdoor":31,"minecraft:mossy_cobblestone":1,"minecraft:smooth_quartz_stairs":14,"minecraft:feather":5,"minecraft:cobblestone":1832,"minecraft:apple":11,"minecraft:granite":240,"minecraft:copper_ingot":1,"minecraft:spruce_door":2,"minecraft:spruce_stairs":17,"minecraft:coal":54,"minecraft:stick":49,"minecraft:oxeye_daisy":2,"minecraft:deepslate_brick_stairs":4,"minecraft:gray_wool":1,"minecraft:iron_trapdoor":3,"minecraft:diorite":49,"tombstone:magic_scroll":2,"minecraft:torch":33,"minecraft:brown_wool":3,"travelersbackpack:blank_upgrade":4,"tombstone:grave_dust":18,"minecraft:smooth_quartz_slab":6,"minecraft:string":5,"minecraft:tripwire_hook":8,"minecraft:bucket":1,"minecraft:dandelion":2,"minecraft:spruce_sapling":11,"minecraft:stone_brick_slab":1,"minecraft:redstone":74,"minecraft:smooth_basalt":100,"minecraft:furnace":2,"minecraft:nether_brick_slab":34,"minecraft:player_head":7,"minecraft:raw_copper":23,"minecraft:dark_oak_sign":6,"minecraft:cocoa_beans":9,"minecraft:tuff":536,"minecraft:clay_ball":1,"minecraft:stone_slab":4,"minecraft:damaged_anvil":1,"minecraft:flint_and_steel":2,"minecraft:cobblestone_slab":2,"minecraft:cyan_wool":6,"minecraft:shield":1,"minecraft:flower_pot":1,"minecraft:waxed_cut_copper":4,"minecraft:spruce_trapdoor":7,"minecraft:spruce_planks":66,"minecraft:andesite":106,"minecraft:cake":2,"minecraft:oak_sapling":12,"minecraft:barrel":2,"minecraft:spider_eye":3,"minecraft:bamboo":23,"minecraft:brown_carpet":7,"minecraft:rabbit_stew":1,"minecraft:wooden_pickaxe":1,"minecraft:raw_gold":4,"minecraft:magma_block":4,"minecraft:calcite":60,"minecraft:dark_prismarine":1,"minecraft:cyan_bed":1},"minecraft:killed":{"minecraft:spider":8,"minecraft:skeleton":37,"minecraft:chicken":10,"minecraft:piglin_brute":7,"minecraft:piglin":5,"minecraft:pig":25,"minecraft:salmon":14,"minecraft:creeper":3,"minecraft:sheep":20,"minecraft:goat":1,"minecraft:zombie":48,"minecraft:stray":3,"minecraft:cow":24,"minecraft:drowned":4,"minecraft:husk":78,"minecraft:frog":1},"minecraft:picked_up":{"minecraft:birch_door":8,"minecraft:iron_trapdoor":3,"minecraft:chainmail_boots":2,"minecraft:flower_pot":3,"minecraft:yellow_wool":9,"minecraft:lead":5,"minecraft:smithing_table":1,"minecraft:stone_slab":8,"minecraft:enchanted_book":4,"minecraft:potion":5,"minecraft:polished_deepslate":1,"minecraft:stone_brick_stairs":5,"minecraft:brewing_stand":1,"minecraft:amethyst_block":64,"minecraft:string":14,"minecraft:dark_oak_trapdoor":132,"minecraft:waxed_cut_copper_slab":92,"minecraft:soul_soil":1,"minecraft:raw_copper":159,"minecraft:red_nether_bricks":61,"minecraft:beetroot_soup":2,"minecraft:armor_stand":2,"minecraft:shroomlight":2,"minecraft:beetroot":22,"minecraft:sea_pickle":4,"minecraft:gold_nugget":14,"minecraft:cobbled_deepslate":3137,"minecraft:spruce_planks":183,"minecraft:cobblestone_slab":6,"minecraft:calcite":106,"minecraft:azalea":1,"minecraft:melon_slice":35,"minecraft:smooth_quartz_stairs":14,"minecraft:furnace":28,"minecraft:tipped_arrow":2,"minecraft:stick":99,"minecraft:birch_trapdoor":3,"minecraft:oak_fence":1,"minecraft:torch":81,"minecraft:acacia_log":23,"minecraft:spruce_stairs":56,"minecraft:porkchop":49,"minecraft:lightning_rod":9,"tombstone:grave_dust":37,"minecraft:pointed_dripstone":4,"minecraft:diorite":53,"minecraft:cauldron":1,"minecraft:brown_carpet":7,"minecraft:waxed_cut_copper_stairs":35,"minecraft:mangrove_stairs":36,"minecraft:honey_bottle":5,"minecraft:rotten_flesh":169,"minecraft:tropical_fish":1,"minecraft:end_rod":2,"minecraft:waxed_cut_copper":9,"minecraft:deepslate_brick_stairs":8,"minecraft:obsidian":8,"minecraft:cod":5,"minecraft:cobblestone":2501,"minecraft:birch_log":1,"minecraft:magma_block":4,"minecraft:leather_chestplate":2,"minecraft:feather":11,"minecraft:cooked_beef":7,"minecraft:andesite":106,"minecraft:water_bucket":1,"minecraft:birch_slab":2,"minecraft:jungle_log":14,"minecraft:brown_wool":6,"minecraft:potato":7,"minecraft:flint":3,"minecraft:tuff":526,"minecraft:map":6,"minecraft:lapis_lazuli":132,"minecraft:mangrove_slab":86,"minecraft:dirt":872,"minecraft:lantern":1,"minecraft:mangrove_fence":1,"minecraft:glass":10,"minecraft:bone":60,"minecraft:bow":4,"minecraft:wheat_seeds":16,"minecraft:raw_gold":100,"minecraft:dark_oak_sign":14,"travelersbackpack:bee":1,"minecraft:diamond_helmet":1,"minecraft:cyan_candle":40,"minecraft:bamboo":46,"minecraft:moss_block":17,"minecraft:honeycomb":11,"minecraft:oak_planks":100,"minecraft:mossy_stone_brick_stairs":3,"minecraft:cooked_porkchop":32,"minecraft:sand":35,"minecraft:jungle_planks":445,"minecraft:nether_brick_stairs":25,"minecraft:cyan_bed":5,"minecraft:dark_oak_log":38,"minecraft:barrel":4,"minecraft:mossy_cobblestone":21,"minecraft:dark_prismarine":59,"travelersbackpack:white_sleeping_bag":1,"minecraft:bundle":5,"minecraft:dark_prismarine_slab":2,"minecraft:yellow_carpet":2,"minecraft:diamond":53,"minecraft:soul_lantern":14,"minecraft:granite":264,"minecraft:bone_meal":2,"minecraft:golden_apple":6,"minecraft:spruce_sign":8,"minecraft:bread":12,"minecraft:jack_o_lantern":1,"minecraft:oak_sapling":44,"minecraft:netherrack":28,"minecraft:charcoal":8,"minecraft:coarse_dirt":5,"minecraft:cocoa_beans":9,"minecraft:crafting_table":8,"minecraft:splash_potion":6,"minecraft:chicken":8,"minecraft:rabbit_stew":5,"minecraft:leather_leggings":1,"minecraft:redstone_lamp":1,"minecraft:brown_mushroom":4,"minecraft:wooden_pickaxe":1,"minecraft:stone_brick_wall":8,"minecraft:gold_block":4,"minecraft:chain":6,"minecraft:stripped_mangrove_log":34,"minecraft:large_fern":6,"minecraft:flint_and_steel":3,"minecraft:item_frame":30,"minecraft:cyan_carpet":78,"minecraft:cracked_stone_bricks":8,"minecraft:beef":51,"minecraft:oak_boat":3,"minecraft:cyan_wool":17,"minecraft:player_head":23,"minecraft:observer":1,"minecraft:jungle_sapling":3,"minecraft:spruce_slab":3,"minecraft:sugar_cane":4,"minecraft:chest":11,"minecraft:birch_sapling":1,"minecraft:spruce_trapdoor":12,"minecraft:egg":11,"minecraft:dark_oak_sapling":4,"minecraft:raw_iron":120,"minecraft:sandstone":24,"minecraft:stripped_mangrove_wood":73,"minecraft:copper_ingot":1,"minecraft:bowl":1,"minecraft:note_block":2,"minecraft:spruce_fence":32,"minecraft:cake":4,"minecraft:cookie":5,"minecraft:mangrove_sign":13,"minecraft:carrot":17,"minecraft:redstone":80,"minecraft:mangrove_trapdoor":31,"minecraft:dark_oak_planks":328,"minecraft:purple_candle":6,"minecraft:arrow":52,"minecraft:beetroot_seeds":1,"minecraft:pumpkin_pie":6,"minecraft:hay_block":2,"minecraft:stripped_dark_oak_wood":9,"minecraft:gold_ingot":12,"minecraft:glistering_melon_slice":6,"minecraft:brick_stairs":1,"minecraft:mutton":25,"minecraft:white_wool":33,"minecraft:oxeye_daisy":2,"minecraft:tripwire_hook":19,"minecraft:salmon":10,"minecraft:leather":31,"minecraft:red_mushroom":18,"minecraft:acacia_wood":2,"minecraft:birch_planks":1,"minecraft:mushroom_stew":3,"minecraft:chainmail_chestplate":3,"minecraft:oak_log":103,"minecraft:waxed_copper_block":1,"minecraft:gunpowder":6,"minecraft:cooked_mutton":3,"minecraft:gray_carpet":16,"minecraft:apple":19,"travelersbackpack:cow":1,"minecraft:stone_bricks":11,"travelersbackpack:cake":1,"minecraft:iron_ingot":25,"minecraft:cooked_chicken":1,"tombstone:bag_of_seeds":1,"minecraft:polished_andesite_slab":1,"minecraft:iron_sword":1,"minecraft:acacia_sapling":4,"travelersbackpack:blank_upgrade":4,"minecraft:dark_oak_stairs":51,"minecraft:book":30,"minecraft:smooth_basalt":100,"minecraft:dark_oak_slab":40,"minecraft:pumpkin":2,"minecraft:sweet_berries":12,"minecraft:stone_brick_slab":8,"minecraft:dandelion":3,"minecraft:gravel":37,"minecraft:spruce_sapling":17,"minecraft:blast_furnace":3,"minecraft:white_bed":2,"minecraft:spruce_log":42,"minecraft:nether_brick_slab":84,"minecraft:crying_obsidian":5,"minecraft:dark_oak_fence_gate":26,"minecraft:spider_eye":5,"minecraft:spruce_door":3,"minecraft:stone_axe":7,"minecraft:iron_helmet":1,"minecraft:painting":1,"minecraft:gray_wool":5,"tombstone:magic_scroll":9,"minecraft:damaged_anvil":1,"minecraft:black_wool":2,"minecraft:dark_oak_wood":8,"minecraft:smooth_quartz_slab":7,"minecraft:coal":569},"minecraft:killed_by":{"minecraft:piglin_brute":1,"minecraft:zombie":2,"minecraft:husk":8,"minecraft:player":2,"minecraft:spider":1,"minecraft:skeleton":1},"minecraft:custom":{"minecraft:animals_bred":4,"minecraft:interact_with_crafting_table":109,"minecraft:open_barrel":133,"minecraft:bell_ring":9,"minecraft:eat_cake_slice":20,"minecraft:leave_game":16,"minecraft:time_since_death":3389,"minecraft:damage_resisted":328,"minecraft:sprint_one_cm":1347598,"minecraft:damage_blocked_by_shield":2860,"minecraft:drop":521,"minecraft:play_noteblock":1,"minecraft:talked_to_villager":29,"minecraft:play_time":680794,"minecraft:deaths":18,"minecraft:jump":12272,"minecraft:interact_with_brewingstand":1,"minecraft:walk_on_water_one_cm":124949,"minecraft:interact_with_furnace":237,"minecraft:interact_with_cartography_table":5,"minecraft:sleep_in_bed":14,"minecraft:damage_dealt":56778,"minecraft:crouch_one_cm":83844,"tombstone:undead_killed":170,"minecraft:interact_with_smoker":1,"minecraft:interact_with_smithing_table":15,"minecraft:horse_one_cm":1083857,"minecraft:interact_with_anvil":11,"minecraft:mob_kills":331,"minecraft:interact_with_campfire":7,"minecraft:damage_dealt_resisted":2117,"minecraft:climb_one_cm":61046,"minecraft:walk_one_cm":880986,"minecraft:sneak_time":34237,"minecraft:walk_under_water_one_cm":95136,"minecraft:boat_one_cm":120568,"minecraft:interact_with_lectern":2,"minecraft:interact_with_blast_furnace":45,"minecraft:total_world_time":680794,"minecraft:tune_noteblock":11,"minecraft:interact_with_grindstone":3,"minecraft:interact_with_stonecutter":1,"minecraft:time_since_rest":3160,"minecraft:damage_taken":14991,"minecraft:swim_one_cm":142549,"minecraft:fly_one_cm":1318245,"minecraft:open_chest":457,"minecraft:fish_caught":5,"minecraft:fall_one_cm":259781},"minecraft:used":{"minecraft:beetroot":25,"minecraft:spruce_slab":3,"minecraft:chest":16,"minecraft:shield":100,"minecraft:iron_sword":271,"minecraft:player_head":2,"minecraft:mutton":3,"minecraft:carrot":19,"minecraft:acacia_sapling":4,"minecraft:birch_trapdoor":1,"minecraft:bow":76,"minecraft:hay_block":2,"minecraft:oak_sapling":5,"minecraft:furnace":24,"minecraft:beetroot_seeds":1,"minecraft:potato":3,"travelersbackpack:cow":1,"minecraft:leather_leggings":1,"minecraft:diorite":3,"minecraft:oak_planks":10,"minecraft:stone_pickaxe":103,"minecraft:sugar_cane":1,"minecraft:wooden_pickaxe":43,"minecraft:leather_chestplate":1,"minecraft:stripped_mangrove_wood":7,"minecraft:white_wool":2,"minecraft:dark_oak_trapdoor":10,"minecraft:sand":1,"travelersbackpack:bee":1,"minecraft:blast_furnace":5,"minecraft:cyan_carpet":1,"minecraft:bread":58,"minecraft:cyan_bed":2,"minecraft:brown_wool":3,"minecraft:gravel":1,"minecraft:polished_andesite_slab":1,"minecraft:diamond_sword":103,"minecraft:chainmail_boots":1,"minecraft:smithing_table":1,"minecraft:birch_log":1,"minecraft:oak_boat":3,"minecraft:waxed_cut_copper_stairs":19,"minecraft:coarse_dirt":5,"minecraft:oak_fence":4,"minecraft:flint_and_steel":71,"minecraft:spruce_planks":56,"minecraft:cooked_salmon":14,"minecraft:cooked_chicken":6,"minecraft:torch":290,"minecraft:dirt":379,"minecraft:anvil":1,"minecraft:chainmail_chestplate":1,"minecraft:spruce_stairs":23,"minecraft:granite":27,"minecraft:nether_brick_slab":29,"minecraft:birch_door":3,"minecraft:dark_oak_planks":66,"minecraft:wooden_axe":35,"minecraft:iron_axe":177,"minecraft:barrel":2,"minecraft:beef":5,"minecraft:waxed_cut_copper_slab":7,"travelersbackpack:cake":14,"tombstone:gift":7,"minecraft:cooked_beef":11,"minecraft:cobbled_deepslate":293,"minecraft:calcite":13,"minecraft:cooked_mutton":31,"minecraft:water_bucket":36,"minecraft:baked_potato":4,"minecraft:red_nether_bricks":3,"minecraft:cobblestone_slab":4,"minecraft:crafting_table":12,"minecraft:white_bed":1,"minecraft:spruce_log":1,"minecraft:mangrove_sign":2,"tombstone:bag_of_seeds":2,"minecraft:diamond_pickaxe":18,"minecraft:apple":1,"minecraft:iron_pickaxe":988,"tombstone:magic_scroll":1,"minecraft:spruce_trapdoor":1,"minecraft:spruce_sapling":1,"minecraft:stone_axe":677,"minecraft:fishing_rod":14,"minecraft:cobblestone":665,"minecraft:cooked_porkchop":22,"minecraft:bucket":42,"minecraft:pumpkin_pie":1,"minecraft:dandelion":1},"minecraft:mined":{"minecraft:dark_oak_planks":565,"minecraft:waxed_cut_copper_slab":62,"minecraft:large_amethyst_bud":1,"minecraft:spruce_planks":205,"minecraft:white_bed":1,"minecraft:mossy_stone_brick_slab":3,"minecraft:andesite_stairs":1,"minecraft:jungle_leaves":261,"minecraft:red_nether_bricks":114,"minecraft:brewing_stand":1,"minecraft:spruce_trapdoor":25,"minecraft:obsidian":8,"minecraft:cave_vines_plant":2,"minecraft:granite":1091,"minecraft:budding_amethyst":6,"minecraft:stone_brick_wall":5,"minecraft:acacia_log":10,"minecraft:grass_block":467,"minecraft:brown_wool":7,"minecraft:mangrove_fence":7,"minecraft:jungle_log":24,"minecraft:orange_candle":3,"minecraft:spawner":11,"minecraft:magma_block":5,"minecraft:mossy_cobblestone_stairs":1,"minecraft:dark_oak_trapdoor":170,"minecraft:iron_ore":81,"minecraft:barrel":5,"minecraft:fire":34,"minecraft:cobbled_deepslate":29,"minecraft:potted_red_mushroom":1,"minecraft:pumpkin":2,"minecraft:deepslate_lapis_ore":16,"minecraft:stripped_dark_oak_wood":4,"minecraft:nether_brick_stairs":34,"minecraft:dark_oak_stairs":87,"minecraft:sculk_shrieker":1,"minecraft:water_cauldron":1,"minecraft:pointed_dripstone":5,"minecraft:flowering_azalea_leaves":20,"minecraft:dirt_path":1,"minecraft:cave_vines":11,"minecraft:small_amethyst_bud":3,"minecraft:iron_bars":1,"minecraft:deepslate_brick_stairs":4,"minecraft:potted_cornflower":1,"minecraft:azalea_leaves":51,"minecraft:stripped_mangrove_wood":136,"minecraft:player_head":17,"minecraft:spruce_slab":10,"minecraft:waxed_cut_copper_stairs":85,"minecraft:waxed_cut_copper":7,"minecraft:deepslate_redstone_ore":41,"minecraft:medium_amethyst_bud":1,"minecraft:smoker":1,"minecraft:soul_lantern":4,"minecraft:torch":7,"minecraft:powder_snow":2,"minecraft:note_block":1,"minecraft:dark_oak_wood":23,"minecraft:blast_furnace":7,"minecraft:melon":8,"minecraft:calcite":275,"minecraft:chest":10,"minecraft:nether_brick_slab":125,"minecraft:mushroom_stem":387,"minecraft:spruce_wall_sign":11,"minecraft:smooth_quartz_slab":13,"minecraft:damaged_anvil":1,"minecraft:oak_planks":13,"minecraft:cobblestone":71,"minecraft:sugar_cane":5,"minecraft:cyan_bed":6,"minecraft:bricks":1,"minecraft:wall_torch":32,"minecraft:amethyst_block":123,"minecraft:deepslate_copper_ore":23,"minecraft:cyan_wool":31,"minecraft:stone_stairs":4,"minecraft:chain":4,"minecraft:dark_oak_slab":17,"minecraft:birch_trapdoor":7,"minecraft:waxed_copper_block":1,"minecraft:stone_brick_stairs":8,"minecraft:oak_log":114,"minecraft:beetroots":1,"minecraft:dirt":1039,"minecraft:sand":114,"minecraft:smooth_basalt":64,"minecraft:tripwire_hook":6,"minecraft:red_mushroom_block":31,"minecraft:netherrack":53,"minecraft:polished_deepslate_wall":2,"minecraft:oak_leaves":1715,"minecraft:cyan_candle":6,"minecraft:deepslate":22654,"minecraft:dark_prismarine":74,"minecraft:crying_obsidian":5,"minecraft:tuff":2309,"minecraft:deepslate_diamond_ore":62,"minecraft:mossy_cobblestone":31,"minecraft:dark_oak_leaves":115,"minecraft:stripped_mangrove_log":33,"minecraft:dark_oak_log":39,"minecraft:jack_o_lantern":1,"minecraft:cyan_stained_glass":10,"minecraft:mangrove_wall_sign":10,"minecraft:purple_candle":1,"minecraft:glow_lichen":28,"minecraft:tube_coral_wall_fan":1,"minecraft:dark_oak_fence":1,"minecraft:spruce_fence":26,"minecraft:brick_stairs":1,"minecraft:brown_mushroom_block":44,"minecraft:soul_campfire":2,"minecraft:mangrove_trapdoor":26,"minecraft:polished_andesite_slab":2,"minecraft:spruce_leaves":556,"minecraft:birch_slab":8,"minecraft:cartography_table":1,"minecraft:moss_block":26,"minecraft:sandstone":129,"minecraft:hay_block":8,"minecraft:furnace":25,"minecraft:acacia_trapdoor":4,"minecraft:polished_blackstone_button":1,"minecraft:acacia_wood":64,"minecraft:acacia_stairs":1,"minecraft:andesite":446,"minecraft:dark_oak_fence_gate":17,"minecraft:gold_block":4,"minecraft:polished_deepslate":5,"minecraft:mossy_stone_brick_stairs":4,"minecraft:bookshelf":28,"minecraft:cobblestone_slab":5,"minecraft:shroomlight":11,"minecraft:deepslate_iron_ore":74,"minecraft:vine":156,"minecraft:lantern":2,"minecraft:smooth_quartz_stairs":22,"minecraft:bamboo":6,"minecraft:stone":6709,"minecraft:white_wool":3,"minecraft:podzol":1,"minecraft:smithing_table":1,"minecraft:oak_slab":4,"minecraft:acacia_leaves":235,"minecraft:mangrove_stairs":64,"minecraft:hanging_roots":4,"minecraft:brick_wall":1,"minecraft:stone_brick_slab":8,"minecraft:oak_fence":1,"minecraft:crafting_table":6,"minecraft:short_grass":112,"minecraft:campfire":5,"minecraft:lectern":2,"minecraft:lightning_rod":10,"minecraft:stone_slab":4,"minecraft:potted_oxeye_daisy":1,"minecraft:copper_ore":80,"minecraft:tall_grass":15,"minecraft:deepslate_coal_ore":7,"minecraft:lapis_ore":9,"minecraft:deepslate_gold_ore":69,"minecraft:diorite":406,"minecraft:spruce_stairs":53,"minecraft:birch_planks":7,"minecraft:gray_wool":1,"minecraft:coarse_dirt":5,"minecraft:dark_oak_wall_sign":3,"minecraft:sea_pickle":1,"minecraft:beehive":2,"minecraft:sweet_berry_bush":5,"minecraft:birch_leaves":81,"minecraft:spruce_log":66,"minecraft:dark_prismarine_slab":8,"minecraft:mangrove_slab":56,"minecraft:coal_ore":389,"minecraft:cocoa":3,"minecraft:end_rod":1,"minecraft:cyan_carpet":2,"minecraft:gravel":89,"minecraft:dripstone_block":37,"minecraft:gray_carpet":2,"minecraft:cracked_stone_bricks":15,"minecraft:iron_trapdoor":6,"minecraft:stripped_acacia_wood":3,"minecraft:stone_bricks":24,"minecraft:mossy_stone_bricks":1,"minecraft:gold_ore":8,"minecraft:fern":1},"minecraft:broken":{"minecraft:leather_leggings":1,"minecraft:chainmail_boots":1,"minecraft:stone_pickaxe":1,"minecraft:stone_axe":8,"minecraft:iron_sword":1,"minecraft:wooden_axe":1,"minecraft:flint_and_steel":1,"minecraft:wooden_pickaxe":1,"minecraft:shield":1,"minecraft:iron_axe":1,"minecraft:iron_pickaxe":2}},"DataVersion":3700}