{"stats":{"minecraft:crafted":{"minecraft:oak_planks":72,"minecraft:cooked_chicken":5,"minecraft:cooked_mutton":4,"minecraft:chest":2,"minecraft:cooked_porkchop":14,"minecraft:crafting_table":5,"minecraft:wooden_pickaxe":1,"minecraft:stick":36,"minecraft:iron_ingot":5,"minecraft:iron_pickaxe":1,"minecraft:furnace":2,"minecraft:flint_and_steel":1,"minecraft:stone_pickaxe":1,"minecraft:cooked_beef":4,"minecraft:cooked_salmon":4,"minecraft:stone_axe":7,"minecraft:air":0,"minecraft:jungle_planks":56,"minecraft:wooden_axe":1,"minecraft:torch":46},"minecraft:broken":{"minecraft:stone_pickaxe":1,"minecraft:stone_axe":6,"minecraft:wooden_axe":1,"minecraft:wooden_pickaxe":1},"minecraft:killed_by":{"minecraft:zombie":1,"minecraft:husk":6,"minecraft:player":2},"minecraft:custom":{"minecraft:animals_bred":1,"minecraft:open_barrel":19,"minecraft:interact_with_crafting_table":27,"minecraft:eat_cake_slice":8,"minecraft:leave_game":9,"minecraft:time_since_death":7889,"minecraft:damage_resisted":328,"minecraft:sprint_one_cm":279667,"minecraft:drop":144,"minecraft:play_noteblock":1,"minecraft:play_time":149561,"minecraft:deaths":10,"minecraft:jump":4028,"minecraft:walk_on_water_one_cm":41041,"minecraft:interact_with_furnace":33,"minecraft:interact_with_cartography_table":1,"minecraft:sleep_in_bed":2,"minecraft:damage_dealt":25212,"minecraft:crouch_one_cm":44327,"tombstone:undead_killed":68,"minecraft:mob_kills":98,"minecraft:damage_dealt_resisted":2117,"minecraft:climb_one_cm":52190,"minecraft:walk_one_cm":228736,"minecraft:sneak_time":16239,"minecraft:walk_under_water_one_cm":27271,"minecraft:boat_one_cm":4210,"minecraft:interact_with_blast_furnace":3,"minecraft:total_world_time":149561,"minecraft:tune_noteblock":9,"minecraft:time_since_rest":7593,"minecraft:damage_taken":5940,"minecraft:swim_one_cm":44485,"minecraft:fly_one_cm":234399,"minecraft:open_chest":29,"minecraft:fall_one_cm":55935},"minecraft:killed":{"minecraft:skeleton":4,"minecraft:chicken":5,"minecraft:pig":8,"minecraft:salmon":4,"minecraft:sheep":6,"minecraft:zombie":5,"minecraft:cow":4,"minecraft:husk":59,"minecraft:frog":1},"minecraft:mined":{"minecraft:dark_oak_planks":320,"minecraft:waxed_cut_copper_slab":62,"minecraft:spruce_planks":66,"minecraft:white_bed":1,"minecraft:jungle_leaves":261,"minecraft:red_nether_bricks":93,"minecraft:spruce_trapdoor":5,"minecraft:granite":2,"minecraft:acacia_log":4,"minecraft:grass_block":111,"minecraft:mangrove_fence":5,"minecraft:jungle_log":24,"minecraft:orange_candle":2,"minecraft:spawner":2,"minecraft:dark_oak_trapdoor":69,"minecraft:mossy_cobblestone_stairs":1,"minecraft:iron_ore":5,"minecraft:fire":14,"minecraft:stripped_dark_oak_wood":4,"minecraft:nether_brick_stairs":28,"minecraft:dark_oak_stairs":47,"minecraft:flowering_azalea_leaves":16,"minecraft:deepslate_brick_stairs":4,"minecraft:azalea_leaves":51,"minecraft:potted_cornflower":1,"minecraft:stripped_mangrove_wood":121,"minecraft:player_head":10,"minecraft:spruce_slab":1,"minecraft:waxed_cut_copper":7,"minecraft:waxed_cut_copper_stairs":49,"minecraft:smoker":1,"minecraft:soul_lantern":2,"minecraft:note_block":1,"minecraft:calcite":137,"minecraft:chest":7,"minecraft:nether_brick_slab":111,"minecraft:spruce_wall_sign":3,"minecraft:cobblestone":7,"minecraft:oak_planks":4,"minecraft:cyan_bed":4,"minecraft:wall_torch":1,"minecraft:stone_stairs":4,"minecraft:dark_oak_slab":8,"minecraft:birch_trapdoor":7,"minecraft:waxed_copper_block":1,"minecraft:oak_log":20,"minecraft:dirt":243,"minecraft:tripwire_hook":4,"minecraft:polished_deepslate_wall":1,"minecraft:oak_leaves":230,"minecraft:cyan_candle":2,"minecraft:dark_prismarine":1,"minecraft:mossy_cobblestone":4,"minecraft:stripped_mangrove_log":26,"minecraft:cyan_stained_glass":10,"minecraft:mangrove_wall_sign":4,"minecraft:purple_candle":1,"minecraft:glow_lichen":2,"minecraft:dark_oak_fence":1,"minecraft:tube_coral_wall_fan":1,"minecraft:mangrove_trapdoor":20,"minecraft:furnace":9,"minecraft:polished_blackstone_button":1,"minecraft:dark_oak_fence_gate":11,"minecraft:andesite":1,"minecraft:polished_deepslate":2,"minecraft:bookshelf":13,"minecraft:shroomlight":2,"minecraft:vine":153,"minecraft:smooth_quartz_stairs":8,"minecraft:bamboo":6,"minecraft:stone":906,"minecraft:white_wool":3,"minecraft:acacia_leaves":136,"minecraft:mangrove_stairs":36,"minecraft:crafting_table":4,"minecraft:short_grass":66,"minecraft:lectern":1,"minecraft:lightning_rod":7,"minecraft:copper_ore":22,"minecraft:tall_grass":6,"minecraft:diorite":36,"minecraft:spruce_stairs":7,"minecraft:dark_oak_wall_sign":1,"minecraft:sea_pickle":1,"minecraft:mangrove_slab":37,"minecraft:coal_ore":101,"minecraft:cocoa":3,"minecraft:gravel":12,"minecraft:cyan_carpet":2,"minecraft:stone_bricks":1},"minecraft:picked_up":{"minecraft:birch_door":8,"minecraft:chainmail_boots":1,"minecraft:yellow_wool":1,"minecraft:enchanted_book":2,"minecraft:potion":1,"minecraft:waxed_cut_copper_slab":46,"minecraft:dark_oak_trapdoor":77,"minecraft:raw_copper":139,"minecraft:red_nether_bricks":27,"minecraft:armor_stand":1,"minecraft:shroomlight":1,"minecraft:sea_pickle":2,"minecraft:gold_nugget":10,"minecraft:spruce_planks":36,"minecraft:calcite":66,"minecraft:azalea":1,"minecraft:smooth_quartz_stairs":14,"minecraft:furnace":12,"minecraft:stick":30,"minecraft:birch_trapdoor":3,"minecraft:torch":4,"minecraft:acacia_log":23,"minecraft:spruce_stairs":11,"minecraft:porkchop":15,"minecraft:lightning_rod":4,"tombstone:grave_dust":13,"minecraft:diorite":31,"minecraft:brown_carpet":7,"minecraft:waxed_cut_copper_stairs":17,"minecraft:mangrove_stairs":20,"minecraft:honey_bottle":1,"minecraft:rotten_flesh":103,"minecraft:waxed_cut_copper":5,"minecraft:deepslate_brick_stairs":8,"minecraft:cobblestone":614,"minecraft:leather_chestplate":1,"minecraft:feather":6,"minecraft:cooked_beef":7,"minecraft:jungle_log":14,"minecraft:potato":4,"minecraft:flint":1,"minecraft:mangrove_slab":36,"minecraft:dirt":205,"minecraft:bone":7,"minecraft:bow":1,"minecraft:wheat_seeds":10,"minecraft:dark_oak_sign":6,"travelersbackpack:bee":1,"minecraft:cyan_candle":17,"minecraft:diamond_helmet":1,"minecraft:bamboo":46,"minecraft:oak_planks":41,"minecraft:cooked_porkchop":1,"minecraft:jungle_planks":308,"minecraft:nether_brick_stairs":17,"minecraft:cyan_bed":3,"minecraft:barrel":1,"minecraft:mossy_cobblestone":1,"minecraft:dark_prismarine":40,"travelersbackpack:white_sleeping_bag":1,"minecraft:soul_lantern":7,"minecraft:granite":2,"minecraft:bone_meal":2,"minecraft:golden_apple":3,"minecraft:spruce_sign":3,"minecraft:oak_sapling":6,"minecraft:cocoa_beans":9,"minecraft:charcoal":2,"minecraft:crafting_table":3,"minecraft:splash_potion":6,"minecraft:chicken":5,"minecraft:rabbit_stew":2,"minecraft:redstone_lamp":1,"minecraft:wooden_pickaxe":1,"minecraft:stripped_mangrove_log":18,"minecraft:item_frame":10,"minecraft:cyan_carpet":38,"minecraft:beef":8,"minecraft:player_head":8,"minecraft:cyan_wool":2,"minecraft:jungle_sapling":3,"minecraft:observer":1,"minecraft:chest":8,"minecraft:spruce_trapdoor":10,"minecraft:raw_iron":5,"minecraft:stripped_mangrove_wood":40,"minecraft:bowl":1,"minecraft:note_block":1,"minecraft:cookie":2,"minecraft:mangrove_sign":3,"minecraft:carrot":3,"minecraft:mangrove_trapdoor":19,"minecraft:dark_oak_planks":157,"minecraft:purple_candle":3,"minecraft:pumpkin_pie":3,"minecraft:stripped_dark_oak_wood":9,"minecraft:mutton":7,"minecraft:white_wool":13,"minecraft:oxeye_daisy":1,"minecraft:tripwire_hook":4,"minecraft:salmon":4,"minecraft:leather":16,"minecraft:mushroom_stew":1,"minecraft:waxed_copper_block":1,"minecraft:oak_log":18,"minecraft:chainmail_chestplate":1,"minecraft:gunpowder":6,"minecraft:cooked_mutton":2,"minecraft:apple":1,"minecraft:gray_carpet":13,"minecraft:iron_ingot":1,"minecraft:cooked_chicken":1,"minecraft:acacia_sapling":4,"minecraft:dark_oak_stairs":33,"minecraft:book":9,"minecraft:dark_oak_slab":39,"minecraft:gravel":18,"minecraft:white_bed":2,"minecraft:nether_brick_slab":80,"minecraft:dark_oak_fence_gate":14,"minecraft:spruce_door":3,"minecraft:stone_axe":4,"minecraft:gray_wool":2,"tombstone:magic_scroll":2,"minecraft:smooth_quartz_slab":2,"minecraft:coal":200},"minecraft:used":{"minecraft:beetroot":9,"minecraft:chest":7,"minecraft:player_head":1,"minecraft:mutton":1,"minecraft:carrot":11,"minecraft:acacia_sapling":4,"minecraft:birch_trapdoor":1,"minecraft:oak_sapling":3,"minecraft:furnace":9,"minecraft:diorite":1,"minecraft:leather_leggings":1,"minecraft:stone_pickaxe":103,"minecraft:oak_planks":4,"minecraft:wooden_pickaxe":43,"minecraft:leather_chestplate":1,"minecraft:white_wool":2,"minecraft:stripped_mangrove_wood":7,"minecraft:dark_oak_trapdoor":9,"travelersbackpack:bee":1,"minecraft:waxed_cut_copper_stairs":8,"minecraft:flint_and_steel":30,"minecraft:cooked_salmon":4,"minecraft:cooked_chicken":6,"minecraft:torch":33,"minecraft:dirt":203,"minecraft:chainmail_chestplate":1,"minecraft:nether_brick_slab":29,"minecraft:granite":2,"minecraft:birch_door":3,"minecraft:wooden_axe":35,"minecraft:dark_oak_planks":33,"minecraft:waxed_cut_copper_slab":7,"minecraft:beef":4,"tombstone:gift":6,"minecraft:cooked_beef":7,"minecraft:calcite":1,"minecraft:cooked_mutton":4,"minecraft:red_nether_bricks":3,"minecraft:crafting_table":8,"minecraft:white_bed":1,"minecraft:apple":1,"minecraft:iron_pickaxe":28,"tombstone:magic_scroll":1,"minecraft:stone_axe":464,"minecraft:cobblestone":242,"minecraft:cooked_porkchop":6},"minecraft:dropped":{"minecraft:nether_brick_stairs":7,"minecraft:spruce_sign":2,"minecraft:dark_oak_stairs":7,"minecraft:stripped_mangrove_wood":3,"minecraft:dirt":1,"minecraft:dark_oak_trapdoor":44,"minecraft:mangrove_stairs":6,"minecraft:stripped_dark_oak_wood":4,"minecraft:jungle_sapling":3,"minecraft:bone_meal":2,"minecraft:dark_oak_planks":18,"minecraft:cyan_carpet":34,"minecraft:bone":2,"minecraft:waxed_cut_copper_slab":12,"minecraft:gravel":18,"minecraft:stone_axe":3,"minecraft:waxed_cut_copper_stairs":6,"minecraft:rotten_flesh":47,"minecraft:mangrove_sign":1,"minecraft:waxed_copper_block":1,"minecraft:dark_oak_fence_gate":7,"minecraft:gunpowder":5,"minecraft:birch_trapdoor":1,"minecraft:birch_door":1,"minecraft:azalea":1,"minecraft:stripped_mangrove_log":7,"minecraft:wheat_seeds":7,"minecraft:mangrove_trapdoor":18,"minecraft:mossy_cobblestone":1,"minecraft:smooth_quartz_stairs":14,"minecraft:cobblestone":173,"minecraft:spruce_door":2,"minecraft:spruce_stairs":5,"minecraft:stick":8,"minecraft:oxeye_daisy":1,"minecraft:deepslate_brick_stairs":4,"minecraft:diorite":30,"minecraft:smooth_quartz_slab":1,"minecraft:nether_brick_slab":30,"minecraft:raw_copper":3,"minecraft:dark_oak_sign":2,"minecraft:cocoa_beans":9,"minecraft:waxed_cut_copper":4,"minecraft:spruce_trapdoor":7,"minecraft:oak_sapling":3,"minecraft:bamboo":23,"minecraft:brown_carpet":7,"minecraft:wooden_pickaxe":1,"minecraft:calcite":25,"minecraft:cyan_bed":1}},"DataVersion":3700}