{"stats":{"minecraft:crafted":{"minecraft:smooth_stone":12,"travelersbackpack:crafting_upgrade":1,"minecraft:cooked_mutton":22,"minecraft:glass":33,"minecraft:cooked_porkchop":49,"minecraft:iron_pickaxe":6,"minecraft:iron_block":3,"minecraft:gold_ingot":77,"travelersbackpack:blank_upgrade":4,"travelersbackpack:gold_tier_upgrade":1,"travelersbackpack:cake":1,"minecraft:stone_pickaxe":1,"minecraft:dark_oak_planks":76,"minecraft:lead":2,"minecraft:enchanting_table":1,"minecraft:wooden_axe":1,"minecraft:oak_planks":409,"minecraft:cooked_chicken":7,"minecraft:stone":12,"minecraft:bow":3,"minecraft:iron_boots":1,"minecraft:chest":9,"minecraft:oak_fence":3,"travelersbackpack:iron_tier_upgrade":1,"minecraft:crafting_table":9,"minecraft:spruce_planks":112,"minecraft:wooden_pickaxe":1,"minecraft:baked_potato":19,"minecraft:iron_helmet":3,"minecraft:iron_chestplate":2,"minecraft:diamond_pickaxe":1,"minecraft:shield":3,"minecraft:stick":112,"minecraft:iron_ingot":121,"minecraft:fishing_rod":1,"minecraft:furnace":4,"minecraft:blast_furnace":4,"minecraft:flint_and_steel":2,"minecraft:iron_axe":2,"travelersbackpack:diamond_tier_upgrade":1,"minecraft:cooked_beef":34,"minecraft:cooked_cod":4,"travelersbackpack:backpack_tank":2,"minecraft:iron_sword":1,"minecraft:cooked_salmon":12,"minecraft:bucket":1,"minecraft:stone_axe":10,"minecraft:air":0,"minecraft:jungle_planks":56,"minecraft:oak_boat":2,"minecraft:anvil":1,"minecraft:torch":326,"minecraft:diamond_chestplate":1},"minecraft:dropped":{"minecraft:iron_sword":1,"minecraft:stripped_mangrove_wood":43,"minecraft:crafting_table":3,"minecraft:cooked_porkchop":19,"minecraft:cookie":1,"minecraft:rail":2,"minecraft:red_mushroom":1,"minecraft:item_frame":10,"minecraft:dirt":506,"minecraft:yellow_dye":1,"minecraft:large_fern":8,"minecraft:dark_oak_trapdoor":105,"minecraft:mangrove_stairs":16,"minecraft:stripped_dark_oak_wood":4,"minecraft:jungle_sapling":3,"minecraft:chain":1,"minecraft:bone_meal":2,"minecraft:iron_pickaxe":1,"minecraft:dark_oak_planks":164,"minecraft:mangrove_slab":38,"minecraft:white_wool":15,"minecraft:cyan_carpet":75,"minecraft:bone":4,"minecraft:waxed_cut_copper_slab":35,"minecraft:stone_axe":6,"minecraft:waxed_cut_copper_stairs":13,"minecraft:iron_nugget":18,"minecraft:cobbled_deepslate":3264,"minecraft:birch_sapling":1,"minecraft:rotten_flesh":155,"minecraft:oak_planks":25,"minecraft:dark_oak_fence_gate":12,"minecraft:waxed_copper_block":1,"minecraft:mangrove_fence":1,"minecraft:brick_stairs":1,"minecraft:azalea_leaves":2,"minecraft:charcoal":12,"minecraft:spruce_slab":1,"minecraft:red_nether_bricks":27,"minecraft:glass":10,"minecraft:crying_obsidian":2,"minecraft:enchanted_book":1,"minecraft:stripped_mangrove_log":15,"minecraft:iron_ingot":17,"travelersbackpack:cow":1,"minecraft:wheat_seeds":23,"minecraft:mangrove_trapdoor":31,"minecraft:smooth_quartz_stairs":22,"minecraft:feather":5,"minecraft:oak_fence":1,"minecraft:iron_helmet":1,"minecraft:cobblestone":1832,"minecraft:apple":11,"minecraft:granite":247,"minecraft:spruce_door":2,"minecraft:coal":101,"minecraft:oxeye_daisy":2,"minecraft:cobweb":10,"minecraft:gray_wool":1,"minecraft:iron_trapdoor":3,"travelersbackpack:blank_upgrade":4,"minecraft:string":5,"minecraft:polished_deepslate_wall":1,"minecraft:gray_carpet":2,"minecraft:spruce_sapling":11,"minecraft:stone_brick_slab":1,"minecraft:furnace":2,"minecraft:player_head":8,"minecraft:dark_oak_sign":6,"minecraft:cocoa_beans":9,"minecraft:bowl":3,"minecraft:clay_ball":1,"minecraft:stone_slab":4,"minecraft:damaged_anvil":1,"minecraft:lightning_rod":1,"minecraft:blast_furnace":3,"minecraft:cobblestone_slab":2,"minecraft:cyan_wool":6,"minecraft:flower_pot":1,"minecraft:waxed_cut_copper":4,"minecraft:spruce_trapdoor":7,"minecraft:spruce_planks":66,"minecraft:barrel":2,"minecraft:spider_eye":4,"minecraft:bamboo":23,"minecraft:brown_carpet":7,"minecraft:rabbit_stew":1,"minecraft:magma_block":4,"minecraft:dark_prismarine":1,"minecraft:cyan_bed":1,"minecraft:nether_brick_stairs":22,"minecraft:spruce_sign":7,"minecraft:dark_oak_stairs":24,"minecraft:moss_block":1,"minecraft:birch_planks":1,"minecraft:leather":2,"minecraft:jungle_planks":74,"minecraft:flint":13,"minecraft:pumpkin_pie":2,"minecraft:gravel":36,"minecraft:pointed_dripstone":4,"minecraft:beetroot":10,"minecraft:mangrove_sign":9,"minecraft:leather_chestplate":1,"minecraft:gunpowder":107,"minecraft:birch_trapdoor":1,"minecraft:birch_door":1,"minecraft:azalea":1,"minecraft:netherrack":1,"minecraft:golden_helmet":1,"minecraft:mossy_cobblestone":1,"minecraft:copper_ingot":1,"minecraft:spruce_stairs":17,"minecraft:stick":49,"minecraft:deepslate_brick_stairs":4,"minecraft:diorite":53,"tombstone:magic_scroll":2,"minecraft:torch":33,"minecraft:brown_wool":3,"tombstone:grave_dust":20,"minecraft:smooth_quartz_slab":8,"minecraft:tripwire_hook":8,"minecraft:bucket":1,"minecraft:dandelion":2,"minecraft:smooth_basalt":100,"minecraft:redstone":97,"minecraft:polished_deepslate":1,"minecraft:nether_brick_slab":34,"minecraft:kelp":3,"minecraft:raw_copper":23,"minecraft:tuff":536,"minecraft:flint_and_steel":4,"minecraft:shield":1,"minecraft:andesite":106,"minecraft:cake":2,"minecraft:oak_sapling":12,"minecraft:wooden_pickaxe":1,"minecraft:raw_gold":4,"minecraft:calcite":67},"minecraft:killed":{"minecraft:cave_spider":4,"minecraft:skeleton":47,"minecraft:chicken":10,"minecraft:salmon":14,"minecraft:pillager":11,"minecraft:goat":1,"minecraft:zombie":63,"minecraft:cow":32,"minecraft:vindicator":10,"minecraft:husk":118,"minecraft:frog":1,"minecraft:spider":12,"minecraft:piglin_brute":7,"minecraft:piglin":5,"minecraft:pig":26,"minecraft:creeper":6,"minecraft:sheep":21,"minecraft:stray":3,"minecraft:slime":16,"minecraft:drowned":4},"minecraft:picked_up":{"minecraft:birch_door":8,"minecraft:chainmail_boots":2,"minecraft:flower_pot":3,"minecraft:diamond_sword":1,"minecraft:lead":9,"minecraft:smithing_table":1,"minecraft:stone_slab":8,"minecraft:wither_rose":1,"minecraft:enchanted_book":5,"minecraft:brewing_stand":1,"minecraft:polished_deepslate_wall":5,"minecraft:amethyst_block":64,"minecraft:polished_deepslate":3,"minecraft:dark_oak_trapdoor":138,"minecraft:string":85,"minecraft:soul_soil":1,"minecraft:red_nether_bricks":80,"minecraft:beetroot_soup":3,"minecraft:pufferfish":1,"minecraft:shroomlight":2,"minecraft:beetroot":22,"minecraft:gold_nugget":14,"minecraft:cobbled_deepslate":3393,"minecraft:spruce_planks":206,"minecraft:melon_slice":44,"minecraft:golden_helmet":2,"minecraft:acacia_log":23,"minecraft:lightning_rod":10,"minecraft:cauldron":1,"minecraft:brown_carpet":7,"minecraft:waxed_cut_copper_stairs":35,"minecraft:honey_bottle":5,"minecraft:tropical_fish":1,"minecraft:end_rod":2,"minecraft:waxed_cut_copper":9,"minecraft:birch_log":1,"minecraft:magma_block":4,"minecraft:cooked_beef":7,"minecraft:feather":11,"minecraft:birch_slab":2,"minecraft:water_bucket":1,"minecraft:jungle_log":14,"minecraft:brown_wool":6,"minecraft:flint":15,"minecraft:map":6,"minecraft:lantern":2,"minecraft:mangrove_slab":93,"minecraft:dark_oak_sign":14,"minecraft:diamond_helmet":1,"minecraft:moss_block":17,"minecraft:honeycomb":11,"minecraft:dark_oak_log":38,"minecraft:barrel":4,"minecraft:bundle":5,"minecraft:granite":271,"minecraft:bread":12,"minecraft:jack_o_lantern":1,"minecraft:crafting_table":8,"minecraft:coarse_dirt":5,"minecraft:leather_leggings":1,"minecraft:golden_pickaxe":1,"minecraft:redstone_lamp":1,"minecraft:stripped_mangrove_log":37,"minecraft:flint_and_steel":5,"minecraft:cracked_stone_bricks":8,"minecraft:beef":58,"minecraft:cyan_wool":17,"minecraft:jungle_sapling":3,"minecraft:iron_nugget":18,"minecraft:spruce_slab":7,"minecraft:chest":11,"minecraft:birch_sapling":1,"minecraft:egg":11,"minecraft:sandstone":24,"minecraft:spruce_fence":32,"minecraft:cake":4,"minecraft:mangrove_sign":13,"minecraft:carrot":17,"minecraft:redstone":103,"minecraft:mangrove_trapdoor":31,"minecraft:beetroot_seeds":1,"minecraft:hay_block":2,"minecraft:gold_ingot":12,"minecraft:mutton":25,"minecraft:rail":2,"minecraft:white_wool":33,"minecraft:oxeye_daisy":2,"minecraft:tripwire_hook":21,"minecraft:red_mushroom":20,"minecraft:acacia_wood":2,"minecraft:oak_log":103,"minecraft:apple":19,"minecraft:stone_bricks":11,"travelersbackpack:cake":1,"minecraft:kelp":3,"minecraft:cobweb":5,"tombstone:bag_of_seeds":2,"minecraft:iron_sword":1,"travelersbackpack:blank_upgrade":4,"minecraft:dark_oak_stairs":51,"minecraft:smooth_basalt":100,"minecraft:dark_oak_slab":40,"minecraft:sweet_berries":12,"minecraft:gravel":37,"minecraft:spruce_sapling":17,"minecraft:spruce_log":42,"minecraft:crying_obsidian":5,"minecraft:slime_ball":8,"minecraft:stone_axe":7,"minecraft:painting":1,"minecraft:gray_wool":5,"minecraft:smooth_quartz_slab":9,"minecraft:iron_trapdoor":3,"minecraft:yellow_wool":9,"minecraft:potion":6,"minecraft:stone_brick_stairs":5,"minecraft:waxed_cut_copper_slab":92,"minecraft:raw_copper":159,"minecraft:armor_stand":2,"minecraft:sea_pickle":4,"minecraft:cobblestone_slab":6,"minecraft:calcite":112,"minecraft:azalea":1,"minecraft:smooth_quartz_stairs":25,"minecraft:furnace":30,"minecraft:tipped_arrow":2,"minecraft:stick":99,"minecraft:birch_trapdoor":3,"minecraft:oak_fence":5,"minecraft:torch":97,"minecraft:spruce_stairs":56,"minecraft:porkchop":52,"minecraft:pointed_dripstone":4,"tombstone:grave_dust":48,"minecraft:diorite":56,"minecraft:mangrove_stairs":36,"minecraft:rotten_flesh":220,"minecraft:deepslate_brick_stairs":8,"minecraft:obsidian":8,"minecraft:cod":5,"minecraft:cobblestone":2587,"minecraft:leather_chestplate":2,"minecraft:andesite":106,"minecraft:potato":7,"minecraft:tuff":529,"minecraft:dirt":875,"minecraft:lapis_lazuli":165,"minecraft:mangrove_fence":1,"minecraft:glass":10,"minecraft:bone":80,"minecraft:bow":5,"minecraft:wheat_seeds":23,"minecraft:raw_gold":137,"travelersbackpack:bee":1,"minecraft:cyan_candle":40,"minecraft:bamboo":46,"minecraft:oak_planks":103,"minecraft:mossy_stone_brick_stairs":3,"minecraft:cooked_porkchop":32,"minecraft:jungle_planks":445,"minecraft:sand":35,"minecraft:nether_brick_stairs":27,"minecraft:cyan_bed":5,"minecraft:mossy_cobblestone":21,"minecraft:dark_prismarine":92,"travelersbackpack:white_sleeping_bag":1,"minecraft:dark_prismarine_slab":2,"minecraft:yellow_carpet":2,"minecraft:diamond":102,"minecraft:soul_lantern":14,"minecraft:bone_meal":2,"minecraft:golden_apple":7,"minecraft:spruce_sign":8,"minecraft:emerald":1,"minecraft:oak_sapling":44,"minecraft:netherrack":28,"minecraft:cocoa_beans":9,"minecraft:charcoal":26,"minecraft:splash_potion":6,"minecraft:chicken":8,"minecraft:rabbit_stew":5,"minecraft:brown_mushroom":4,"minecraft:wooden_pickaxe":1,"minecraft:stone_brick_wall":8,"minecraft:gold_block":4,"minecraft:chain":6,"minecraft:large_fern":6,"minecraft:item_frame":30,"minecraft:cyan_carpet":80,"minecraft:player_head":25,"minecraft:oak_boat":4,"minecraft:observer":1,"minecraft:sugar_cane":4,"minecraft:spruce_trapdoor":12,"minecraft:dark_oak_sapling":4,"minecraft:raw_iron":128,"minecraft:stripped_mangrove_wood":106,"minecraft:copper_ingot":1,"minecraft:bowl":1,"minecraft:note_block":2,"minecraft:cookie":5,"minecraft:dark_oak_planks":335,"minecraft:purple_candle":6,"minecraft:arrow":68,"minecraft:pumpkin_pie":7,"minecraft:stripped_dark_oak_wood":9,"minecraft:glistering_melon_slice":6,"minecraft:brick_stairs":1,"minecraft:skeleton_skull":2,"minecraft:salmon":10,"minecraft:leather":39,"minecraft:birch_planks":1,"minecraft:mushroom_stew":3,"minecraft:chainmail_chestplate":3,"minecraft:waxed_copper_block":1,"minecraft:gunpowder":110,"minecraft:cooked_mutton":3,"travelersbackpack:cow":1,"minecraft:gray_carpet":18,"minecraft:iron_ingot":25,"minecraft:cooked_chicken":2,"minecraft:polished_andesite_slab":1,"minecraft:acacia_sapling":4,"minecraft:book":36,"minecraft:pumpkin":2,"minecraft:stone_brick_slab":8,"minecraft:dandelion":3,"minecraft:blast_furnace":15,"minecraft:white_bed":2,"minecraft:nether_brick_slab":84,"minecraft:dark_oak_fence_gate":26,"minecraft:spruce_door":3,"minecraft:spider_eye":5,"minecraft:iron_helmet":2,"tombstone:magic_scroll":10,"minecraft:damaged_anvil":1,"minecraft:black_wool":2,"minecraft:dark_oak_wood":8,"minecraft:coal":639},"minecraft:killed_by":{"minecraft:piglin_brute":1,"minecraft:vindicator":6,"minecraft:zombie":2,"minecraft:husk":8,"minecraft:player":2,"minecraft:spider":1,"minecraft:skeleton":1},"minecraft:custom":{"minecraft:interact_with_crafting_table":112,"minecraft:open_barrel":186,"minecraft:bell_ring":9,"minecraft:eat_cake_slice":22,"minecraft:leave_game":19,"minecraft:time_since_death":28283,"minecraft:damage_blocked_by_shield":4603,"minecraft:play_time":817287,"minecraft:deaths":24,"minecraft:jump":13959,"minecraft:interact_with_furnace":277,"minecraft:interact_with_cartography_table":5,"minecraft:sleep_in_bed":15,"minecraft:damage_dealt":72745,"tombstone:undead_killed":235,"minecraft:interact_with_smoker":1,"minecraft:inspect_dispenser":2,"minecraft:horse_one_cm":1463267,"minecraft:interact_with_smithing_table":18,"minecraft:interact_with_anvil":11,"minecraft:sneak_time":40333,"minecraft:interact_with_lectern":2,"minecraft:interact_with_blast_furnace":63,"minecraft:total_world_time":817287,"tombstone:raider_killed":21,"minecraft:tune_noteblock":11,"minecraft:interact_with_stonecutter":1,"minecraft:time_since_rest":1596,"minecraft:swim_one_cm":164653,"minecraft:fly_one_cm":1617789,"minecraft:open_chest":537,"minecraft:fish_caught":5,"minecraft:fall_one_cm":309378,"minecraft:animals_bred":4,"minecraft:damage_resisted":372,"minecraft:sprint_one_cm":1627792,"minecraft:drop":594,"minecraft:play_noteblock":1,"minecraft:talked_to_villager":29,"minecraft:interact_with_brewingstand":1,"minecraft:walk_on_water_one_cm":155533,"minecraft:crouch_one_cm":100716,"minecraft:mob_kills":456,"minecraft:interact_with_campfire":7,"minecraft:damage_dealt_resisted":2602,"minecraft:climb_one_cm":63734,"minecraft:walk_one_cm":1075972,"minecraft:walk_under_water_one_cm":163632,"minecraft:boat_one_cm":422050,"minecraft:interact_with_grindstone":3,"minecraft:damage_taken":18786},"minecraft:used":{"minecraft:beetroot":25,"minecraft:spruce_slab":6,"minecraft:chest":16,"minecraft:acacia_sapling":4,"minecraft:bow":98,"minecraft:furnace":28,"minecraft:oak_sapling":5,"minecraft:potato":3,"minecraft:diorite":3,"minecraft:leather_leggings":1,"minecraft:wooden_pickaxe":43,"minecraft:leather_chestplate":1,"minecraft:smooth_quartz_stairs":1,"minecraft:stripped_mangrove_wood":7,"minecraft:dark_oak_trapdoor":10,"minecraft:sand":1,"minecraft:blast_furnace":10,"minecraft:cyan_carpet":1,"minecraft:polished_andesite_slab":1,"minecraft:diamond_sword":458,"minecraft:smithing_table":1,"minecraft:birch_log":1,"minecraft:oak_boat":5,"minecraft:waxed_cut_copper_stairs":19,"minecraft:armor_stand":1,"minecraft:cooked_salmon":14,"travelersbackpack:bat":15,"minecraft:torch":408,"minecraft:anvil":1,"minecraft:chainmail_chestplate":1,"minecraft:nether_brick_slab":29,"minecraft:iron_axe":193,"minecraft:barrel":2,"minecraft:beef":5,"tombstone:gift":9,"minecraft:cobbled_deepslate":508,"minecraft:calcite":13,"minecraft:water_bucket":56,"minecraft:crafting_table":12,"minecraft:white_bed":1,"minecraft:mangrove_sign":2,"minecraft:cake":1,"minecraft:spruce_log":1,"minecraft:diamond_pickaxe":87,"minecraft:iron_pickaxe":1196,"tombstone:magic_scroll":1,"minecraft:spruce_trapdoor":1,"minecraft:spruce_sapling":1,"minecraft:cobblestone":723,"minecraft:cooked_porkchop":22,"minecraft:dandelion":1,"minecraft:shield":146,"minecraft:iron_sword":271,"minecraft:player_head":2,"minecraft:mutton":3,"minecraft:carrot":19,"minecraft:tuff":3,"minecraft:birch_trapdoor":1,"minecraft:hay_block":2,"minecraft:beetroot_seeds":1,"minecraft:skeleton_skull":2,"travelersbackpack:cow":1,"minecraft:stone_pickaxe":103,"minecraft:oak_planks":10,"minecraft:sugar_cane":1,"minecraft:white_wool":2,"travelersbackpack:bee":1,"minecraft:mushroom_stew":3,"minecraft:cyan_bed":2,"minecraft:bread":102,"minecraft:brown_wool":3,"minecraft:gravel":1,"minecraft:golden_helmet":1,"minecraft:chainmail_boots":1,"minecraft:coarse_dirt":5,"minecraft:oak_fence":7,"minecraft:flint_and_steel":71,"minecraft:spruce_planks":59,"minecraft:cooked_chicken":6,"minecraft:dirt":382,"minecraft:spruce_stairs":23,"minecraft:granite":27,"minecraft:birch_door":3,"minecraft:dark_oak_planks":66,"minecraft:wooden_axe":35,"minecraft:waxed_cut_copper_slab":7,"travelersbackpack:cake":14,"minecraft:cooked_beef":11,"minecraft:cooked_mutton":31,"minecraft:baked_potato":4,"minecraft:red_nether_bricks":4,"minecraft:cobblestone_slab":4,"tombstone:bag_of_seeds":2,"minecraft:apple":1,"minecraft:stone_axe":677,"minecraft:fishing_rod":14,"minecraft:bucket":68,"minecraft:pumpkin_pie":1},"minecraft:mined":{"minecraft:dark_oak_planks":575,"minecraft:white_bed":1,"minecraft:jungle_leaves":261,"minecraft:red_nether_bricks":208,"minecraft:obsidian":8,"minecraft:granite":1106,"minecraft:acacia_log":18,"minecraft:stone_brick_wall":5,"minecraft:brown_wool":7,"minecraft:jungle_log":24,"minecraft:orange_candle":3,"minecraft:spawner":16,"minecraft:magma_block":5,"minecraft:mossy_cobblestone_stairs":1,"minecraft:dark_oak_trapdoor":175,"minecraft:fire":36,"minecraft:barrel":5,"minecraft:cobbled_deepslate":120,"minecraft:pumpkin":2,"minecraft:deepslate_lapis_ore":28,"minecraft:stripped_dark_oak_wood":4,"minecraft:nether_brick_stairs":34,"minecraft:sculk_shrieker":2,"minecraft:cave_vines":11,"minecraft:water_cauldron":1,"minecraft:dirt_path":1,"minecraft:small_amethyst_bud":3,"minecraft:deepslate_brick_stairs":4,"minecraft:stripped_mangrove_wood":199,"minecraft:player_head":18,"minecraft:smoker":1,"minecraft:powder_snow":2,"minecraft:torch":10,"minecraft:note_block":1,"minecraft:dark_oak_wood":23,"minecraft:blast_furnace":15,"minecraft:melon":10,"minecraft:nether_brick_slab":125,"minecraft:spruce_wall_sign":20,"minecraft:smooth_quartz_slab":18,"minecraft:cyan_bed":6,"minecraft:sugar_cane":5,"minecraft:damaged_anvil":1,"minecraft:bricks":1,"minecraft:amethyst_block":123,"minecraft:skeleton_skull":2,"minecraft:cyan_wool":31,"minecraft:chain":24,"minecraft:waxed_copper_block":1,"minecraft:wither_rose":1,"minecraft:stone_brick_stairs":8,"minecraft:smooth_basalt":64,"minecraft:red_mushroom_block":31,"minecraft:deepslate":32684,"minecraft:dark_prismarine":145,"minecraft:mossy_cobblestone":31,"minecraft:dark_oak_log":39,"minecraft:jack_o_lantern":1,"minecraft:cyan_stained_glass":10,"minecraft:purple_candle":1,"minecraft:dark_oak_fence":1,"minecraft:spruce_fence":32,"minecraft:jungle_planks":7,"minecraft:moss_block":26,"minecraft:cartography_table":1,"minecraft:red_mushroom":1,"minecraft:acacia_trapdoor":4,"minecraft:polished_blackstone_button":1,"minecraft:acacia_wood":64,"minecraft:andesite":652,"minecraft:mossy_stone_brick_stairs":4,"minecraft:cobblestone_slab":5,"minecraft:vine":156,"minecraft:smooth_quartz_stairs":50,"minecraft:bamboo":6,"minecraft:white_wool":3,"minecraft:smithing_table":1,"minecraft:oak_slab":4,"minecraft:mangrove_stairs":65,"minecraft:hanging_roots":4,"minecraft:stone_brick_slab":15,"minecraft:cornflower":1,"minecraft:short_grass":117,"minecraft:campfire":8,"minecraft:lightning_rod":10,"minecraft:potted_oxeye_daisy":1,"minecraft:tall_grass":15,"minecraft:copper_ore":85,"minecraft:deepslate_gold_ore":124,"minecraft:diorite":540,"minecraft:coarse_dirt":5,"minecraft:dark_oak_wall_sign":3,"minecraft:spruce_log":66,"minecraft:birch_leaves":127,"minecraft:dark_prismarine_slab":10,"minecraft:gravel":142,"minecraft:dripstone_block":37,"minecraft:cobweb":98,"minecraft:stone_bricks":24,"minecraft:gold_ore":8,"minecraft:iron_trapdoor":6,"minecraft:fern":1,"minecraft:waxed_cut_copper_slab":62,"minecraft:large_amethyst_bud":1,"minecraft:spruce_planks":311,"minecraft:mossy_stone_brick_slab":3,"minecraft:jungle_slab":3,"minecraft:andesite_stairs":1,"minecraft:brewing_stand":1,"minecraft:cave_vines_plant":2,"minecraft:spruce_trapdoor":48,"minecraft:budding_amethyst":6,"minecraft:grass_block":496,"minecraft:mangrove_fence":7,"minecraft:iron_ore":90,"minecraft:potted_red_mushroom":1,"minecraft:dark_oak_stairs":87,"minecraft:pointed_dripstone":5,"minecraft:flowering_azalea_leaves":20,"minecraft:iron_bars":1,"minecraft:potted_cornflower":1,"minecraft:azalea_leaves":51,"minecraft:spruce_slab":50,"minecraft:waxed_cut_copper":7,"minecraft:waxed_cut_copper_stairs":85,"minecraft:deepslate_redstone_ore":57,"minecraft:medium_amethyst_bud":1,"minecraft:soul_lantern":5,"minecraft:calcite":278,"minecraft:chest":10,"minecraft:mushroom_stem":387,"minecraft:cobblestone":128,"minecraft:oak_planks":186,"minecraft:wall_torch":36,"minecraft:deepslate_copper_ore":23,"minecraft:stone_stairs":4,"minecraft:dark_oak_slab":17,"minecraft:birch_trapdoor":8,"minecraft:oak_log":115,"minecraft:beetroots":1,"minecraft:sand":114,"minecraft:dirt":1120,"minecraft:crimson_planks":6,"minecraft:tripwire_hook":8,"minecraft:netherrack":53,"minecraft:polished_deepslate_wall":6,"minecraft:oak_leaves":1715,"minecraft:cyan_candle":6,"minecraft:crying_obsidian":5,"minecraft:tuff":3302,"minecraft:stripped_mangrove_log":33,"minecraft:dark_oak_leaves":115,"minecraft:deepslate_diamond_ore":121,"minecraft:mangrove_wall_sign":10,"minecraft:glow_lichen":31,"minecraft:purple_terracotta":6,"minecraft:tube_coral_wall_fan":1,"minecraft:brick_stairs":1,"minecraft:brown_mushroom_block":44,"minecraft:polished_andesite_slab":2,"minecraft:soul_campfire":3,"minecraft:mangrove_trapdoor":26,"minecraft:birch_slab":8,"minecraft:spruce_leaves":556,"minecraft:sandstone":129,"minecraft:hay_block":8,"minecraft:furnace":27,"minecraft:acacia_stairs":1,"minecraft:dark_oak_fence_gate":17,"minecraft:gold_block":4,"minecraft:polished_deepslate":7,"minecraft:bookshelf":28,"minecraft:deepslate_iron_ore":93,"minecraft:shroomlight":11,"minecraft:lantern":3,"minecraft:stone":7767,"minecraft:podzol":1,"minecraft:acacia_leaves":315,"minecraft:brick_wall":1,"minecraft:oak_fence":19,"minecraft:crafting_table":6,"minecraft:rose_bush":1,"minecraft:lectern":2,"minecraft:stone_slab":4,"minecraft:deepslate_coal_ore":7,"minecraft:lapis_ore":9,"minecraft:spruce_stairs":57,"minecraft:gray_wool":1,"minecraft:birch_planks":7,"minecraft:sea_pickle":2,"minecraft:beehive":2,"minecraft:sweet_berry_bush":5,"minecraft:mangrove_slab":65,"minecraft:coal_ore":395,"minecraft:cocoa":3,"minecraft:end_rod":1,"minecraft:cyan_carpet":2,"minecraft:gray_carpet":4,"minecraft:cracked_stone_bricks":15,"minecraft:stripped_acacia_wood":3,"minecraft:mossy_stone_bricks":1},"minecraft:broken":{"minecraft:iron_boots":1,"minecraft:iron_leggings":1,"minecraft:chainmail_boots":1,"minecraft:iron_sword":1,"minecraft:wooden_pickaxe":1,"minecraft:shield":1,"minecraft:iron_axe":1,"minecraft:iron_pickaxe":2,"minecraft:leather_leggings":1,"minecraft:stone_pickaxe":1,"minecraft:stone_axe":8,"minecraft:wooden_axe":1,"minecraft:flint_and_steel":1}},"DataVersion":3700}