{"stats":{"minecraft:crafted":{"minecraft:oak_planks":72,"minecraft:cooked_chicken":5,"minecraft:furnace":2,"minecraft:cooked_mutton":4,"minecraft:flint_and_steel":1,"minecraft:stone_pickaxe":1,"minecraft:chest":2,"minecraft:cooked_beef":4,"minecraft:cooked_porkchop":14,"minecraft:crafting_table":4,"minecraft:wooden_pickaxe":1,"minecraft:cooked_salmon":4,"minecraft:stone_axe":6,"minecraft:air":0,"minecraft:jungle_planks":56,"minecraft:stick":20,"minecraft:iron_ingot":5,"minecraft:iron_pickaxe":1,"minecraft:wooden_axe":1,"minecraft:torch":42},"minecraft:broken":{"minecraft:wooden_pickaxe":1,"minecraft:stone_pickaxe":1,"minecraft:stone_axe":2,"minecraft:wooden_axe":1},"minecraft:killed_by":{"minecraft:husk":1},"minecraft:custom":{"minecraft:mob_kills":51,"minecraft:animals_bred":1,"minecraft:interact_with_crafting_table":21,"minecraft:open_barrel":10,"minecraft:eat_cake_slice":4,"minecraft:leave_game":9,"minecraft:time_since_death":5696,"minecraft:climb_one_cm":49816,"minecraft:sprint_one_cm":175582,"minecraft:walk_one_cm":136748,"minecraft:drop":43,"minecraft:play_time":77561,"minecraft:deaths":1,"minecraft:sneak_time":5932,"minecraft:walk_under_water_one_cm":15063,"minecraft:boat_one_cm":4210,"minecraft:jump":3264,"minecraft:interact_with_blast_furnace":1,"minecraft:walk_on_water_one_cm":9677,"minecraft:total_world_time":77561,"minecraft:interact_with_furnace":33,"minecraft:sleep_in_bed":2,"minecraft:time_since_rest":5630,"minecraft:damage_taken":1840,"minecraft:damage_dealt":10547,"minecraft:swim_one_cm":42529,"minecraft:fly_one_cm":169604,"minecraft:open_chest":11,"minecraft:crouch_one_cm":17106,"tombstone:undead_killed":22,"minecraft:fall_one_cm":31488},"minecraft:killed":{"minecraft:skeleton":1,"minecraft:chicken":5,"minecraft:husk":17,"minecraft:pig":8,"minecraft:salmon":4,"minecraft:sheep":6,"minecraft:zombie":4,"minecraft:cow":4},"minecraft:mined":{"minecraft:dark_oak_planks":71,"minecraft:waxed_cut_copper_slab":44,"minecraft:white_bed":1,"minecraft:mossy_cobblestone":1,"minecraft:jungle_leaves":261,"minecraft:glow_lichen":2,"minecraft:granite":2,"minecraft:acacia_log":4,"minecraft:grass_block":110,"minecraft:jungle_log":24,"minecraft:furnace":9,"minecraft:dark_oak_trapdoor":13,"minecraft:iron_ore":5,"minecraft:fire":12,"minecraft:dark_oak_stairs":13,"minecraft:vine":153,"minecraft:flowering_azalea_leaves":16,"minecraft:azalea_leaves":51,"minecraft:bamboo":6,"minecraft:stone":846,"minecraft:white_wool":2,"minecraft:waxed_cut_copper_stairs":2,"minecraft:waxed_cut_copper":1,"minecraft:acacia_leaves":136,"minecraft:crafting_table":4,"minecraft:short_grass":66,"minecraft:calcite":20,"minecraft:chest":2,"minecraft:nether_brick_slab":37,"minecraft:tall_grass":6,"minecraft:copper_ore":22,"minecraft:cobblestone":1,"minecraft:oak_planks":4,"minecraft:diorite":24,"minecraft:birch_trapdoor":2,"minecraft:coal_ore":97,"minecraft:oak_log":20,"minecraft:cocoa":3,"minecraft:cyan_carpet":1,"minecraft:gravel":12,"minecraft:dirt":242,"minecraft:tripwire_hook":2,"minecraft:oak_leaves":230,"minecraft:cyan_candle":1},"minecraft:picked_up":{"minecraft:cocoa_beans":9,"minecraft:crafting_table":2,"minecraft:chicken":5,"minecraft:wooden_pickaxe":1,"minecraft:waxed_cut_copper_slab":10,"minecraft:raw_copper":139,"minecraft:cyan_carpet":4,"minecraft:beef":8,"minecraft:jungle_sapling":3,"minecraft:azalea":1,"minecraft:calcite":3,"minecraft:chest":2,"minecraft:furnace":9,"minecraft:raw_iron":5,"minecraft:stick":17,"minecraft:stripped_mangrove_wood":2,"minecraft:torch":1,"minecraft:porkchop":15,"tombstone:grave_dust":1,"minecraft:diorite":28,"minecraft:carrot":1,"minecraft:mangrove_stairs":3,"minecraft:rotten_flesh":12,"minecraft:mutton":7,"minecraft:white_wool":12,"minecraft:cobblestone":571,"minecraft:feather":6,"minecraft:tripwire_hook":2,"minecraft:jungle_log":14,"minecraft:salmon":4,"minecraft:leather":10,"minecraft:flint":1,"minecraft:oak_log":18,"minecraft:gunpowder":5,"minecraft:mangrove_slab":8,"minecraft:dirt":197,"minecraft:bone":4,"minecraft:apple":1,"minecraft:wheat_seeds":10,"minecraft:iron_ingot":1,"minecraft:bamboo":46,"minecraft:oak_planks":41,"minecraft:acacia_sapling":4,"minecraft:cooked_porkchop":1,"minecraft:gravel":18,"minecraft:jungle_planks":108,"minecraft:white_bed":2,"minecraft:nether_brick_slab":22,"minecraft:mossy_cobblestone":1,"minecraft:soul_lantern":2,"minecraft:stone_axe":1,"minecraft:granite":2,"minecraft:bone_meal":1,"minecraft:gray_wool":2,"minecraft:golden_apple":1,"tombstone:magic_scroll":1,"minecraft:oak_sapling":6,"minecraft:coal":200},"minecraft:used":{"minecraft:flint_and_steel":28,"minecraft:chest":2,"minecraft:cooked_salmon":4,"minecraft:cooked_chicken":5,"minecraft:torch":26,"minecraft:dirt":196,"minecraft:mutton":1,"minecraft:acacia_sapling":4,"minecraft:granite":2,"minecraft:wooden_axe":35,"minecraft:beef":4,"minecraft:furnace":9,"minecraft:oak_sapling":3,"tombstone:gift":1,"minecraft:cooked_beef":4,"minecraft:cooked_mutton":1,"minecraft:stone_pickaxe":103,"minecraft:oak_planks":4,"minecraft:wooden_pickaxe":43,"minecraft:white_wool":2,"minecraft:crafting_table":6,"minecraft:white_bed":1,"minecraft:apple":1,"minecraft:iron_pickaxe":16,"minecraft:stone_axe":196,"minecraft:cobblestone":117,"minecraft:cooked_porkchop":6},"minecraft:dropped":{"minecraft:wheat_seeds":7,"minecraft:cobblestone":97,"minecraft:dirt":1,"minecraft:diorite":28,"minecraft:mangrove_stairs":2,"minecraft:jungle_sapling":3,"minecraft:bone_meal":1,"minecraft:cyan_carpet":4,"minecraft:waxed_cut_copper_slab":5,"minecraft:bone":2,"minecraft:gravel":18,"minecraft:stone_axe":2,"minecraft:raw_copper":3,"minecraft:rotten_flesh":11,"minecraft:gunpowder":5,"minecraft:oak_sapling":3,"minecraft:wooden_pickaxe":1}},"DataVersion":3700}