{"stats":{"minecraft:crafted":{"minecraft:smooth_stone":12,"minecraft:oak_planks":409,"minecraft:cooked_chicken":7,"minecraft:stone":12,"minecraft:cooked_mutton":21,"minecraft:glass":33,"minecraft:iron_boots":1,"minecraft:chest":8,"minecraft:cooked_porkchop":26,"minecraft:crafting_table":8,"minecraft:spruce_planks":112,"minecraft:wooden_pickaxe":1,"minecraft:iron_chestplate":1,"minecraft:diamond_pickaxe":1,"minecraft:shield":2,"minecraft:stick":108,"minecraft:iron_ingot":111,"minecraft:iron_pickaxe":4,"minecraft:gold_ingot":68,"minecraft:fishing_rod":1,"minecraft:furnace":2,"minecraft:blast_furnace":4,"minecraft:flint_and_steel":2,"minecraft:iron_axe":2,"minecraft:stone_pickaxe":1,"minecraft:dark_oak_planks":76,"minecraft:cooked_beef":9,"travelersbackpack:backpack_tank":2,"minecraft:cooked_salmon":12,"minecraft:bucket":1,"minecraft:stone_axe":10,"minecraft:jungle_planks":56,"minecraft:air":0,"minecraft:oak_boat":1,"minecraft:wooden_axe":1,"minecraft:torch":234},"minecraft:dropped":{"minecraft:nether_brick_stairs":17,"minecraft:spruce_sign":4,"minecraft:iron_sword":1,"minecraft:moss_block":1,"minecraft:birch_planks":1,"minecraft:dark_oak_stairs":11,"minecraft:stripped_mangrove_wood":12,"minecraft:cooked_porkchop":19,"minecraft:cookie":1,"minecraft:leather":2,"minecraft:jungle_planks":74,"minecraft:item_frame":10,"minecraft:flint":1,"minecraft:dirt":390,"minecraft:large_fern":8,"minecraft:yellow_dye":1,"minecraft:dark_oak_trapdoor":44,"minecraft:mangrove_stairs":7,"minecraft:stripped_dark_oak_wood":4,"minecraft:chain":1,"minecraft:jungle_sapling":3,"minecraft:pumpkin_pie":2,"minecraft:bone_meal":2,"minecraft:iron_pickaxe":1,"minecraft:dark_oak_planks":18,"minecraft:mangrove_slab":19,"minecraft:white_wool":1,"minecraft:cyan_carpet":34,"minecraft:bone":4,"minecraft:waxed_cut_copper_slab":35,"minecraft:gravel":36,"minecraft:stone_axe":6,"minecraft:waxed_cut_copper_stairs":6,"minecraft:cobbled_deepslate":3264,"minecraft:pointed_dripstone":4,"minecraft:beetroot":10,"minecraft:rotten_flesh":86,"minecraft:oak_planks":25,"minecraft:mangrove_sign":1,"minecraft:waxed_copper_block":1,"minecraft:dark_oak_fence_gate":7,"minecraft:leather_chestplate":1,"minecraft:gunpowder":5,"minecraft:brick_stairs":1,"minecraft:azalea_leaves":2,"minecraft:birch_trapdoor":1,"minecraft:birch_door":1,"minecraft:azalea":1,"minecraft:glass":10,"minecraft:enchanted_book":1,"minecraft:iron_ingot":1,"minecraft:stripped_mangrove_log":7,"travelersbackpack:cow":1,"minecraft:wheat_seeds":12,"minecraft:mangrove_trapdoor":27,"minecraft:mossy_cobblestone":1,"minecraft:smooth_quartz_stairs":14,"minecraft:feather":3,"minecraft:cobblestone":1822,"minecraft:apple":5,"minecraft:granite":240,"minecraft:spruce_door":2,"minecraft:spruce_stairs":15,"minecraft:coal":54,"minecraft:stick":21,"minecraft:oxeye_daisy":1,"minecraft:deepslate_brick_stairs":4,"minecraft:gray_wool":1,"minecraft:diorite":49,"tombstone:magic_scroll":2,"tombstone:grave_dust":18,"minecraft:smooth_quartz_slab":1,"minecraft:tripwire_hook":8,"minecraft:bucket":1,"minecraft:spruce_sapling":11,"minecraft:redstone":74,"minecraft:smooth_basalt":100,"minecraft:nether_brick_slab":30,"minecraft:player_head":7,"minecraft:raw_copper":23,"minecraft:dark_oak_sign":6,"minecraft:cocoa_beans":9,"minecraft:tuff":536,"minecraft:clay_ball":1,"minecraft:stone_slab":4,"minecraft:cobblestone_slab":2,"minecraft:shield":1,"minecraft:flower_pot":1,"minecraft:waxed_cut_copper":4,"minecraft:spruce_trapdoor":7,"minecraft:spruce_planks":66,"minecraft:andesite":106,"minecraft:cake":2,"minecraft:oak_sapling":4,"minecraft:spider_eye":2,"minecraft:bamboo":23,"minecraft:brown_carpet":7,"minecraft:rabbit_stew":1,"minecraft:wooden_pickaxe":1,"minecraft:raw_gold":4,"minecraft:calcite":26,"minecraft:magma_block":4,"minecraft:dark_prismarine":1,"minecraft:cyan_bed":1},"minecraft:killed":{"minecraft:spider":6,"minecraft:skeleton":27,"minecraft:chicken":8,"minecraft:piglin_brute":7,"minecraft:piglin":5,"minecraft:pig":19,"minecraft:salmon":14,"minecraft:creeper":1,"minecraft:sheep":20,"minecraft:goat":1,"minecraft:zombie":41,"minecraft:stray":3,"minecraft:cow":11,"minecraft:drowned":3,"minecraft:husk":59,"minecraft:frog":1},"minecraft:picked_up":{"minecraft:birch_door":8,"minecraft:chainmail_boots":2,"minecraft:yellow_wool":9,"minecraft:flower_pot":2,"minecraft:smithing_table":1,"minecraft:stone_slab":8,"minecraft:potion":3,"minecraft:enchanted_book":4,"minecraft:stone_brick_stairs":5,"minecraft:brewing_stand":1,"minecraft:amethyst_block":64,"minecraft:string":3,"minecraft:dark_oak_trapdoor":78,"minecraft:waxed_cut_copper_slab":92,"minecraft:soul_soil":1,"minecraft:raw_copper":159,"minecraft:red_nether_bricks":52,"minecraft:beetroot_soup":1,"minecraft:armor_stand":2,"minecraft:shroomlight":2,"minecraft:beetroot":21,"minecraft:sea_pickle":4,"minecraft:gold_nugget":14,"minecraft:cobbled_deepslate":3137,"minecraft:spruce_planks":183,"minecraft:cobblestone_slab":6,"minecraft:calcite":67,"minecraft:azalea":1,"minecraft:melon_slice":35,"minecraft:smooth_quartz_stairs":14,"minecraft:furnace":25,"minecraft:tipped_arrow":2,"minecraft:stick":67,"minecraft:birch_trapdoor":3,"minecraft:torch":42,"minecraft:acacia_log":23,"minecraft:spruce_stairs":54,"minecraft:porkchop":33,"minecraft:lightning_rod":8,"minecraft:pointed_dripstone":4,"tombstone:grave_dust":35,"minecraft:diorite":50,"minecraft:cauldron":1,"minecraft:brown_carpet":7,"minecraft:waxed_cut_copper_stairs":17,"minecraft:honey_bottle":3,"minecraft:mangrove_stairs":27,"minecraft:rotten_flesh":142,"minecraft:waxed_cut_copper":9,"minecraft:deepslate_brick_stairs":8,"minecraft:obsidian":8,"minecraft:cobblestone":2487,"minecraft:birch_log":1,"minecraft:magma_block":4,"minecraft:leather_chestplate":2,"minecraft:feather":9,"minecraft:cooked_beef":7,"minecraft:jungle_log":14,"minecraft:birch_slab":2,"minecraft:water_bucket":1,"minecraft:andesite":106,"minecraft:potato":7,"minecraft:flint":3,"minecraft:tuff":526,"minecraft:lantern":1,"minecraft:lapis_lazuli":132,"minecraft:mangrove_slab":74,"minecraft:dirt":699,"minecraft:glass":10,"minecraft:bone":48,"minecraft:bow":2,"minecraft:wheat_seeds":14,"minecraft:raw_gold":100,"minecraft:dark_oak_sign":14,"travelersbackpack:bee":1,"minecraft:cyan_candle":34,"minecraft:diamond_helmet":1,"minecraft:bamboo":46,"minecraft:moss_block":17,"minecraft:oak_planks":97,"minecraft:honeycomb":11,"minecraft:mossy_stone_brick_stairs":3,"minecraft:cooked_porkchop":32,"minecraft:sand":35,"minecraft:jungle_planks":445,"minecraft:nether_brick_stairs":22,"minecraft:cyan_bed":5,"minecraft:dark_oak_log":38,"minecraft:barrel":2,"minecraft:mossy_cobblestone":21,"minecraft:dark_prismarine":59,"travelersbackpack:white_sleeping_bag":1,"minecraft:bundle":3,"minecraft:dark_prismarine_slab":2,"minecraft:yellow_carpet":2,"minecraft:diamond":53,"minecraft:soul_lantern":12,"minecraft:granite":264,"minecraft:bone_meal":2,"minecraft:golden_apple":5,"minecraft:spruce_sign":5,"minecraft:bread":7,"minecraft:jack_o_lantern":1,"minecraft:oak_sapling":36,"minecraft:netherrack":27,"minecraft:coarse_dirt":5,"minecraft:charcoal":8,"minecraft:cocoa_beans":9,"minecraft:crafting_table":4,"minecraft:splash_potion":6,"minecraft:chicken":7,"minecraft:rabbit_stew":4,"minecraft:leather_leggings":1,"minecraft:redstone_lamp":1,"minecraft:brown_mushroom":4,"minecraft:wooden_pickaxe":1,"minecraft:stone_brick_wall":8,"minecraft:gold_block":3,"minecraft:chain":6,"minecraft:stripped_mangrove_log":29,"minecraft:large_fern":6,"minecraft:item_frame":30,"minecraft:cyan_carpet":38,"minecraft:cracked_stone_bricks":8,"minecraft:oak_boat":3,"minecraft:beef":16,"minecraft:cyan_wool":2,"minecraft:player_head":22,"minecraft:jungle_sapling":3,"minecraft:observer":1,"minecraft:spruce_slab":3,"minecraft:chest":11,"minecraft:spruce_trapdoor":12,"minecraft:egg":5,"minecraft:dark_oak_sapling":4,"minecraft:raw_iron":118,"minecraft:sandstone":24,"minecraft:stripped_mangrove_wood":73,"minecraft:bowl":1,"minecraft:note_block":2,"minecraft:spruce_fence":32,"minecraft:cake":4,"minecraft:cookie":4,"minecraft:mangrove_sign":5,"minecraft:carrot":8,"minecraft:redstone":80,"minecraft:mangrove_trapdoor":27,"minecraft:dark_oak_planks":169,"minecraft:purple_candle":6,"minecraft:arrow":40,"minecraft:beetroot_seeds":1,"minecraft:pumpkin_pie":5,"minecraft:stripped_dark_oak_wood":9,"minecraft:glistering_melon_slice":6,"minecraft:gold_ingot":12,"minecraft:brick_stairs":1,"minecraft:mutton":25,"minecraft:white_wool":19,"minecraft:oxeye_daisy":1,"minecraft:tripwire_hook":16,"minecraft:salmon":10,"minecraft:leather":22,"minecraft:red_mushroom":18,"minecraft:acacia_wood":2,"minecraft:birch_planks":1,"minecraft:mushroom_stew":1,"minecraft:chainmail_chestplate":3,"minecraft:oak_log":103,"minecraft:waxed_copper_block":1,"minecraft:gunpowder":6,"minecraft:cooked_mutton":2,"minecraft:stone_bricks":11,"minecraft:apple":13,"travelersbackpack:cow":1,"minecraft:gray_carpet":16,"travelersbackpack:cake":1,"minecraft:iron_ingot":9,"minecraft:cooked_chicken":1,"minecraft:polished_andesite_slab":1,"minecraft:iron_sword":1,"minecraft:acacia_sapling":4,"minecraft:dark_oak_stairs":39,"minecraft:book":15,"minecraft:smooth_basalt":100,"minecraft:dark_oak_slab":40,"minecraft:pumpkin":2,"minecraft:sweet_berries":11,"minecraft:stone_brick_slab":7,"minecraft:gravel":37,"minecraft:spruce_sapling":17,"minecraft:blast_furnace":1,"minecraft:white_bed":2,"minecraft:spruce_log":42,"minecraft:nether_brick_slab":80,"minecraft:crying_obsidian":3,"minecraft:dark_oak_fence_gate":21,"minecraft:spruce_door":3,"minecraft:spider_eye":2,"minecraft:stone_axe":7,"minecraft:gray_wool":5,"tombstone:magic_scroll":8,"minecraft:black_wool":2,"minecraft:dark_oak_wood":8,"minecraft:smooth_quartz_slab":2,"minecraft:coal":568},"minecraft:killed_by":{"minecraft:piglin_brute":1,"minecraft:zombie":2,"minecraft:husk":7,"minecraft:player":2,"minecraft:spider":1},"minecraft:custom":{"minecraft:animals_bred":2,"minecraft:interact_with_crafting_table":84,"minecraft:open_barrel":107,"minecraft:bell_ring":8,"minecraft:eat_cake_slice":13,"minecraft:leave_game":11,"minecraft:time_since_death":160556,"minecraft:damage_resisted":328,"minecraft:sprint_one_cm":1026686,"minecraft:damage_blocked_by_shield":1788,"minecraft:drop":415,"minecraft:play_noteblock":1,"minecraft:talked_to_villager":12,"minecraft:play_time":524963,"minecraft:deaths":16,"minecraft:jump":8990,"minecraft:interact_with_brewingstand":1,"minecraft:walk_on_water_one_cm":106966,"minecraft:interact_with_furnace":211,"minecraft:interact_with_cartography_table":3,"minecraft:sleep_in_bed":9,"minecraft:damage_dealt":45153,"minecraft:crouch_one_cm":78472,"tombstone:undead_killed":133,"minecraft:interact_with_smoker":1,"minecraft:interact_with_smithing_table":4,"minecraft:interact_with_anvil":1,"minecraft:mob_kills":236,"minecraft:interact_with_campfire":7,"minecraft:damage_dealt_resisted":2117,"minecraft:climb_one_cm":55941,"minecraft:walk_one_cm":692858,"minecraft:sneak_time":31752,"minecraft:walk_under_water_one_cm":82071,"minecraft:boat_one_cm":120568,"minecraft:interact_with_lectern":2,"minecraft:interact_with_blast_furnace":37,"minecraft:total_world_time":524963,"minecraft:tune_noteblock":10,"minecraft:interact_with_grindstone":1,"minecraft:interact_with_stonecutter":1,"minecraft:time_since_rest":47585,"minecraft:damage_taken":12757,"minecraft:swim_one_cm":131982,"minecraft:fly_one_cm":981965,"minecraft:open_chest":325,"minecraft:fall_one_cm":208654},"minecraft:used":{"minecraft:beetroot":25,"minecraft:spruce_slab":3,"minecraft:chest":16,"minecraft:shield":69,"minecraft:iron_sword":22,"minecraft:player_head":2,"minecraft:mutton":3,"minecraft:carrot":19,"minecraft:acacia_sapling":4,"minecraft:birch_trapdoor":1,"minecraft:bow":1,"minecraft:oak_sapling":5,"minecraft:furnace":21,"minecraft:beetroot_seeds":1,"minecraft:potato":2,"travelersbackpack:cow":1,"minecraft:leather_leggings":1,"minecraft:diorite":1,"minecraft:oak_planks":10,"minecraft:stone_pickaxe":103,"minecraft:wooden_pickaxe":43,"minecraft:leather_chestplate":1,"minecraft:stripped_mangrove_wood":7,"minecraft:white_wool":2,"minecraft:dark_oak_trapdoor":10,"minecraft:sand":1,"travelersbackpack:bee":1,"minecraft:blast_furnace":5,"minecraft:bread":24,"minecraft:cyan_bed":2,"minecraft:gravel":1,"minecraft:polished_andesite_slab":1,"minecraft:diamond_sword":77,"minecraft:chainmail_boots":1,"minecraft:birch_log":1,"minecraft:oak_boat":3,"minecraft:waxed_cut_copper_stairs":8,"minecraft:coarse_dirt":5,"minecraft:flint_and_steel":71,"minecraft:spruce_planks":56,"minecraft:cooked_salmon":12,"minecraft:cooked_chicken":6,"minecraft:torch":274,"minecraft:dirt":322,"minecraft:chainmail_chestplate":1,"minecraft:spruce_stairs":23,"minecraft:nether_brick_slab":29,"minecraft:granite":27,"minecraft:birch_door":3,"minecraft:dark_oak_planks":33,"minecraft:wooden_axe":35,"minecraft:iron_axe":172,"minecraft:barrel":2,"minecraft:beef":5,"minecraft:waxed_cut_copper_slab":7,"tombstone:gift":7,"travelersbackpack:cake":5,"minecraft:cooked_beef":11,"minecraft:cobbled_deepslate":293,"minecraft:calcite":1,"minecraft:cooked_mutton":31,"minecraft:water_bucket":31,"minecraft:red_nether_bricks":3,"minecraft:cobblestone_slab":4,"minecraft:crafting_table":11,"minecraft:white_bed":1,"minecraft:mangrove_sign":2,"minecraft:spruce_log":1,"minecraft:diamond_pickaxe":18,"minecraft:apple":1,"minecraft:iron_pickaxe":961,"tombstone:magic_scroll":1,"minecraft:spruce_trapdoor":1,"minecraft:spruce_sapling":1,"minecraft:stone_axe":677,"minecraft:cobblestone":661,"minecraft:cooked_porkchop":22,"minecraft:bucket":31,"minecraft:pumpkin_pie":1},"minecraft:mined":{"minecraft:dark_oak_planks":331,"minecraft:waxed_cut_copper_slab":62,"minecraft:large_amethyst_bud":1,"minecraft:spruce_planks":201,"minecraft:white_bed":1,"minecraft:mossy_stone_brick_slab":3,"minecraft:andesite_stairs":1,"minecraft:jungle_leaves":261,"minecraft:red_nether_bricks":93,"minecraft:brewing_stand":1,"minecraft:spruce_trapdoor":16,"minecraft:obsidian":8,"minecraft:cave_vines_plant":2,"minecraft:granite":1091,"minecraft:budding_amethyst":6,"minecraft:stone_brick_wall":5,"minecraft:acacia_log":10,"minecraft:grass_block":308,"minecraft:mangrove_fence":5,"minecraft:jungle_log":24,"minecraft:orange_candle":2,"minecraft:spawner":5,"minecraft:magma_block":5,"minecraft:mossy_cobblestone_stairs":1,"minecraft:dark_oak_trapdoor":69,"minecraft:iron_ore":79,"minecraft:barrel":1,"minecraft:cobbled_deepslate":29,"minecraft:fire":34,"minecraft:potted_red_mushroom":1,"minecraft:pumpkin":2,"minecraft:deepslate_lapis_ore":16,"minecraft:stripped_dark_oak_wood":4,"minecraft:nether_brick_stairs":28,"minecraft:dark_oak_stairs":48,"minecraft:sculk_shrieker":1,"minecraft:pointed_dripstone":5,"minecraft:water_cauldron":1,"minecraft:flowering_azalea_leaves":20,"minecraft:cave_vines":11,"minecraft:small_amethyst_bud":3,"minecraft:iron_bars":1,"minecraft:deepslate_brick_stairs":4,"minecraft:potted_cornflower":1,"minecraft:azalea_leaves":51,"minecraft:stripped_mangrove_wood":122,"minecraft:player_head":12,"minecraft:spruce_slab":8,"minecraft:waxed_cut_copper_stairs":49,"minecraft:waxed_cut_copper":7,"minecraft:deepslate_redstone_ore":41,"minecraft:medium_amethyst_bud":1,"minecraft:smoker":1,"minecraft:soul_lantern":2,"minecraft:powder_snow":2,"minecraft:torch":7,"minecraft:note_block":1,"minecraft:dark_oak_wood":23,"minecraft:blast_furnace":4,"minecraft:calcite":214,"minecraft:melon":8,"minecraft:chest":10,"minecraft:nether_brick_slab":111,"minecraft:mushroom_stem":387,"minecraft:spruce_wall_sign":7,"minecraft:bricks":1,"minecraft:cobblestone":71,"minecraft:oak_planks":10,"minecraft:cyan_bed":4,"minecraft:wall_torch":29,"minecraft:amethyst_block":123,"minecraft:deepslate_copper_ore":23,"minecraft:stone_stairs":4,"minecraft:chain":3,"minecraft:dark_oak_slab":16,"minecraft:birch_trapdoor":7,"minecraft:waxed_copper_block":1,"minecraft:stone_brick_stairs":8,"minecraft:oak_log":114,"minecraft:beetroots":1,"minecraft:dirt":799,"minecraft:sand":114,"minecraft:smooth_basalt":64,"minecraft:tripwire_hook":4,"minecraft:red_mushroom_block":31,"minecraft:netherrack":48,"minecraft:polished_deepslate_wall":1,"minecraft:oak_leaves":1417,"minecraft:cyan_candle":2,"minecraft:deepslate":22654,"minecraft:dark_prismarine":68,"minecraft:crying_obsidian":3,"minecraft:tuff":2309,"minecraft:deepslate_diamond_ore":62,"minecraft:mossy_cobblestone":31,"minecraft:dark_oak_leaves":115,"minecraft:stripped_mangrove_log":26,"minecraft:dark_oak_log":39,"minecraft:jack_o_lantern":1,"minecraft:cyan_stained_glass":10,"minecraft:mangrove_wall_sign":4,"minecraft:purple_candle":1,"minecraft:glow_lichen":28,"minecraft:dark_oak_fence":1,"minecraft:tube_coral_wall_fan":1,"minecraft:spruce_fence":23,"minecraft:brick_stairs":1,"minecraft:brown_mushroom_block":44,"minecraft:soul_campfire":2,"minecraft:mangrove_trapdoor":20,"minecraft:polished_andesite_slab":2,"minecraft:spruce_leaves":556,"minecraft:birch_slab":8,"minecraft:moss_block":26,"minecraft:sandstone":129,"minecraft:furnace":22,"minecraft:acacia_trapdoor":4,"minecraft:polished_blackstone_button":1,"minecraft:acacia_wood":64,"minecraft:acacia_stairs":1,"minecraft:andesite":446,"minecraft:dark_oak_fence_gate":11,"minecraft:gold_block":3,"minecraft:polished_deepslate":2,"minecraft:mossy_stone_brick_stairs":4,"minecraft:bookshelf":13,"minecraft:cobblestone_slab":5,"minecraft:shroomlight":11,"minecraft:deepslate_iron_ore":74,"minecraft:vine":156,"minecraft:lantern":2,"minecraft:smooth_quartz_stairs":8,"minecraft:bamboo":6,"minecraft:stone":6552,"minecraft:white_wool":3,"minecraft:podzol":1,"minecraft:smithing_table":1,"minecraft:oak_slab":4,"minecraft:acacia_leaves":235,"minecraft:mangrove_stairs":36,"minecraft:hanging_roots":4,"minecraft:brick_wall":1,"minecraft:stone_brick_slab":6,"minecraft:crafting_table":5,"minecraft:short_grass":95,"minecraft:campfire":5,"minecraft:lectern":1,"minecraft:stone_slab":4,"minecraft:lightning_rod":7,"minecraft:copper_ore":80,"minecraft:tall_grass":7,"minecraft:deepslate_coal_ore":7,"minecraft:lapis_ore":9,"minecraft:deepslate_gold_ore":69,"minecraft:diorite":393,"minecraft:spruce_stairs":44,"minecraft:birch_planks":7,"minecraft:coarse_dirt":5,"minecraft:dark_oak_wall_sign":1,"minecraft:sea_pickle":1,"minecraft:sweet_berry_bush":5,"minecraft:birch_leaves":24,"minecraft:spruce_log":66,"minecraft:dark_prismarine_slab":8,"minecraft:mangrove_slab":37,"minecraft:coal_ore":384,"minecraft:cocoa":3,"minecraft:cyan_carpet":2,"minecraft:gravel":88,"minecraft:dripstone_block":37,"minecraft:gray_carpet":2,"minecraft:cracked_stone_bricks":15,"minecraft:stripped_acacia_wood":3,"minecraft:stone_bricks":24,"minecraft:mossy_stone_bricks":1,"minecraft:gold_ore":8,"minecraft:fern":1},"minecraft:broken":{"minecraft:leather_leggings":1,"minecraft:chainmail_boots":1,"minecraft:stone_pickaxe":1,"minecraft:stone_axe":8,"minecraft:wooden_axe":1,"minecraft:flint_and_steel":1,"minecraft:wooden_pickaxe":1,"minecraft:iron_axe":1,"minecraft:iron_pickaxe":2}},"DataVersion":3700}