{"stats":{"minecraft:crafted":{"minecraft:oak_planks":72,"minecraft:cooked_chicken":5,"minecraft:cooked_mutton":16,"minecraft:glass":10,"minecraft:chest":6,"minecraft:cooked_porkchop":18,"minecraft:crafting_table":6,"minecraft:spruce_planks":24,"minecraft:wooden_pickaxe":1,"minecraft:shield":2,"minecraft:stick":64,"minecraft:iron_ingot":19,"minecraft:iron_pickaxe":1,"minecraft:gold_ingot":1,"minecraft:furnace":2,"minecraft:flint_and_steel":1,"minecraft:iron_axe":1,"minecraft:stone_pickaxe":1,"minecraft:cooked_beef":6,"minecraft:cooked_salmon":6,"minecraft:bucket":1,"minecraft:stone_axe":10,"minecraft:air":0,"minecraft:jungle_planks":56,"minecraft:wooden_axe":1,"minecraft:torch":74},"minecraft:broken":{"minecraft:leather_leggings":1,"minecraft:stone_pickaxe":1,"minecraft:stone_axe":7,"minecraft:wooden_axe":1,"minecraft:wooden_pickaxe":1},"minecraft:killed_by":{"minecraft:piglin_brute":1,"minecraft:zombie":1,"minecraft:husk":7,"minecraft:player":2},"minecraft:custom":{"minecraft:animals_bred":1,"minecraft:open_barrel":73,"minecraft:interact_with_crafting_table":43,"minecraft:bell_ring":8,"minecraft:eat_cake_slice":8,"minecraft:leave_game":9,"minecraft:time_since_death":64923,"minecraft:damage_resisted":328,"minecraft:sprint_one_cm":568367,"minecraft:damage_blocked_by_shield":130,"minecraft:drop":236,"minecraft:play_noteblock":1,"minecraft:talked_to_villager":3,"minecraft:play_time":257561,"minecraft:deaths":12,"minecraft:jump":5546,"minecraft:walk_on_water_one_cm":53515,"minecraft:interact_with_furnace":97,"minecraft:interact_with_cartography_table":2,"minecraft:sleep_in_bed":5,"minecraft:damage_dealt":32044,"minecraft:crouch_one_cm":56321,"tombstone:undead_killed":81,"minecraft:interact_with_smoker":1,"minecraft:interact_with_smithing_table":3,"minecraft:interact_with_anvil":1,"minecraft:mob_kills":139,"minecraft:interact_with_campfire":7,"minecraft:damage_dealt_resisted":2117,"minecraft:climb_one_cm":53584,"minecraft:walk_one_cm":374744,"minecraft:sneak_time":21606,"minecraft:walk_under_water_one_cm":37204,"minecraft:boat_one_cm":4210,"minecraft:interact_with_lectern":2,"minecraft:interact_with_blast_furnace":3,"minecraft:total_world_time":257561,"minecraft:tune_noteblock":10,"minecraft:interact_with_grindstone":1,"minecraft:time_since_rest":15563,"minecraft:damage_taken":8675,"minecraft:swim_one_cm":54434,"minecraft:fly_one_cm":509808,"minecraft:open_chest":136,"minecraft:fall_one_cm":105605},"minecraft:killed":{"minecraft:spider":1,"minecraft:skeleton":6,"minecraft:chicken":5,"minecraft:piglin_brute":7,"minecraft:piglin":5,"minecraft:pig":11,"minecraft:salmon":4,"minecraft:creeper":1,"minecraft:sheep":14,"minecraft:zombie":16,"minecraft:cow":7,"minecraft:husk":59,"minecraft:frog":1},"minecraft:mined":{"minecraft:dark_oak_planks":331,"minecraft:waxed_cut_copper_slab":62,"minecraft:spruce_planks":198,"minecraft:white_bed":1,"minecraft:andesite_stairs":1,"minecraft:jungle_leaves":261,"minecraft:red_nether_bricks":93,"minecraft:cave_vines_plant":2,"minecraft:spruce_trapdoor":11,"minecraft:granite":196,"minecraft:stone_brick_wall":5,"minecraft:acacia_log":4,"minecraft:grass_block":208,"minecraft:mangrove_fence":5,"minecraft:jungle_log":24,"minecraft:orange_candle":2,"minecraft:spawner":5,"minecraft:dark_oak_trapdoor":69,"minecraft:mossy_cobblestone_stairs":1,"minecraft:barrel":1,"minecraft:iron_ore":27,"minecraft:fire":26,"minecraft:potted_red_mushroom":1,"minecraft:stripped_dark_oak_wood":4,"minecraft:nether_brick_stairs":28,"minecraft:dark_oak_stairs":48,"minecraft:sculk_shrieker":1,"minecraft:water_cauldron":1,"minecraft:cave_vines":11,"minecraft:flowering_azalea_leaves":20,"minecraft:iron_bars":1,"minecraft:deepslate_brick_stairs":4,"minecraft:azalea_leaves":51,"minecraft:potted_cornflower":1,"minecraft:stripped_mangrove_wood":122,"minecraft:player_head":12,"minecraft:spruce_slab":8,"minecraft:waxed_cut_copper":7,"minecraft:waxed_cut_copper_stairs":49,"minecraft:smoker":1,"minecraft:soul_lantern":2,"minecraft:torch":5,"minecraft:note_block":1,"minecraft:dark_oak_wood":23,"minecraft:blast_furnace":3,"minecraft:calcite":137,"minecraft:melon":8,"minecraft:chest":8,"minecraft:nether_brick_slab":111,"minecraft:mushroom_stem":387,"minecraft:spruce_wall_sign":7,"minecraft:cobblestone":47,"minecraft:oak_planks":4,"minecraft:cyan_bed":4,"minecraft:wall_torch":11,"minecraft:stone_stairs":4,"minecraft:chain":3,"minecraft:dark_oak_slab":16,"minecraft:birch_trapdoor":7,"minecraft:waxed_copper_block":1,"minecraft:stone_brick_stairs":3,"minecraft:oak_log":20,"minecraft:beetroots":1,"minecraft:sand":28,"minecraft:dirt":519,"minecraft:tripwire_hook":4,"minecraft:red_mushroom_block":31,"minecraft:polished_deepslate_wall":1,"minecraft:oak_leaves":500,"minecraft:cyan_candle":2,"minecraft:dark_prismarine":68,"minecraft:mossy_cobblestone":11,"minecraft:stripped_mangrove_log":26,"minecraft:cyan_stained_glass":10,"minecraft:mangrove_wall_sign":4,"minecraft:purple_candle":1,"minecraft:glow_lichen":20,"minecraft:dark_oak_fence":1,"minecraft:tube_coral_wall_fan":1,"minecraft:spruce_fence":23,"minecraft:polished_andesite_slab":2,"minecraft:brown_mushroom_block":44,"minecraft:soul_campfire":2,"minecraft:mangrove_trapdoor":20,"minecraft:birch_slab":8,"minecraft:moss_block":26,"minecraft:furnace":11,"minecraft:acacia_trapdoor":4,"minecraft:polished_blackstone_button":1,"minecraft:acacia_wood":5,"minecraft:acacia_stairs":1,"minecraft:dark_oak_fence_gate":11,"minecraft:andesite":123,"minecraft:gold_block":1,"minecraft:polished_deepslate":2,"minecraft:bookshelf":13,"minecraft:cobblestone_slab":5,"minecraft:shroomlight":11,"minecraft:vine":156,"minecraft:lantern":2,"minecraft:smooth_quartz_stairs":8,"minecraft:bamboo":6,"minecraft:stone":2842,"minecraft:white_wool":3,"minecraft:oak_slab":4,"minecraft:acacia_leaves":136,"minecraft:mangrove_stairs":36,"minecraft:hanging_roots":4,"minecraft:crafting_table":4,"minecraft:short_grass":77,"minecraft:campfire":5,"minecraft:lectern":1,"minecraft:lightning_rod":7,"minecraft:copper_ore":24,"minecraft:tall_grass":6,"minecraft:diorite":36,"minecraft:spruce_stairs":25,"minecraft:birch_planks":7,"minecraft:dark_oak_wall_sign":1,"minecraft:sea_pickle":1,"minecraft:birch_leaves":24,"minecraft:dark_prismarine_slab":8,"minecraft:mangrove_slab":37,"minecraft:coal_ore":184,"minecraft:cocoa":3,"minecraft:gravel":13,"minecraft:cyan_carpet":2,"minecraft:gray_carpet":2,"minecraft:cracked_stone_bricks":8,"minecraft:stripped_acacia_wood":3,"minecraft:stone_bricks":14,"minecraft:fern":1},"minecraft:picked_up":{"minecraft:birch_door":8,"minecraft:chainmail_boots":2,"minecraft:flower_pot":2,"minecraft:yellow_wool":9,"minecraft:enchanted_book":4,"minecraft:potion":3,"minecraft:soul_soil":1,"minecraft:waxed_cut_copper_slab":92,"minecraft:dark_oak_trapdoor":78,"minecraft:raw_copper":139,"minecraft:red_nether_bricks":52,"minecraft:beetroot_soup":1,"minecraft:armor_stand":2,"minecraft:shroomlight":2,"minecraft:beetroot":21,"minecraft:sea_pickle":4,"minecraft:gold_nugget":14,"minecraft:spruce_planks":181,"minecraft:cobblestone_slab":6,"minecraft:calcite":66,"minecraft:azalea":1,"minecraft:melon_slice":35,"minecraft:smooth_quartz_stairs":14,"minecraft:furnace":14,"minecraft:stick":41,"minecraft:birch_trapdoor":3,"minecraft:torch":23,"minecraft:acacia_log":23,"minecraft:spruce_stairs":37,"minecraft:porkchop":20,"minecraft:lightning_rod":8,"tombstone:grave_dust":31,"minecraft:diorite":31,"minecraft:cauldron":1,"minecraft:brown_carpet":7,"minecraft:waxed_cut_copper_stairs":17,"minecraft:mangrove_stairs":27,"minecraft:honey_bottle":3,"minecraft:rotten_flesh":126,"minecraft:waxed_cut_copper":9,"minecraft:deepslate_brick_stairs":8,"minecraft:cobblestone":1507,"minecraft:leather_chestplate":2,"minecraft:feather":6,"minecraft:cooked_beef":7,"minecraft:andesite":79,"minecraft:birch_slab":2,"minecraft:jungle_log":14,"minecraft:potato":7,"minecraft:flint":1,"minecraft:lantern":1,"minecraft:mangrove_slab":74,"minecraft:dirt":427,"minecraft:bone":11,"minecraft:bow":1,"minecraft:wheat_seeds":10,"minecraft:dark_oak_sign":14,"travelersbackpack:bee":1,"minecraft:cyan_candle":34,"minecraft:diamond_helmet":1,"minecraft:bamboo":46,"minecraft:moss_block":17,"minecraft:honeycomb":11,"minecraft:oak_planks":91,"minecraft:cooked_porkchop":27,"minecraft:sand":29,"minecraft:jungle_planks":445,"minecraft:nether_brick_stairs":22,"minecraft:cyan_bed":5,"minecraft:barrel":2,"minecraft:mossy_cobblestone":1,"minecraft:dark_prismarine":59,"travelersbackpack:white_sleeping_bag":1,"minecraft:bundle":1,"minecraft:dark_prismarine_slab":2,"minecraft:yellow_carpet":2,"minecraft:soul_lantern":12,"minecraft:granite":168,"minecraft:bone_meal":2,"minecraft:golden_apple":5,"minecraft:spruce_sign":5,"minecraft:bread":7,"minecraft:oak_sapling":6,"minecraft:cocoa_beans":9,"minecraft:charcoal":8,"minecraft:crafting_table":3,"minecraft:splash_potion":6,"minecraft:chicken":5,"minecraft:leather_leggings":1,"minecraft:rabbit_stew":4,"minecraft:redstone_lamp":1,"minecraft:brown_mushroom":4,"minecraft:wooden_pickaxe":1,"minecraft:stone_brick_wall":8,"minecraft:gold_block":1,"minecraft:chain":6,"minecraft:stripped_mangrove_log":29,"minecraft:item_frame":30,"minecraft:cyan_carpet":38,"minecraft:cracked_stone_bricks":2,"minecraft:beef":12,"minecraft:player_head":22,"minecraft:cyan_wool":2,"minecraft:jungle_sapling":3,"minecraft:observer":1,"minecraft:spruce_slab":3,"minecraft:chest":10,"minecraft:spruce_trapdoor":11,"minecraft:raw_iron":26,"minecraft:stripped_mangrove_wood":73,"minecraft:bowl":1,"minecraft:spruce_fence":32,"minecraft:note_block":2,"minecraft:cake":4,"minecraft:cookie":4,"minecraft:mangrove_sign":5,"minecraft:carrot":8,"minecraft:mangrove_trapdoor":27,"minecraft:dark_oak_planks":169,"minecraft:purple_candle":6,"minecraft:arrow":3,"minecraft:beetroot_seeds":1,"minecraft:pumpkin_pie":5,"minecraft:stripped_dark_oak_wood":9,"minecraft:gold_ingot":12,"minecraft:glistering_melon_slice":6,"minecraft:mutton":17,"minecraft:white_wool":14,"minecraft:oxeye_daisy":1,"minecraft:tripwire_hook":16,"minecraft:salmon":4,"minecraft:leather":18,"minecraft:red_mushroom":18,"minecraft:acacia_wood":2,"minecraft:birch_planks":1,"minecraft:mushroom_stew":1,"minecraft:waxed_copper_block":1,"minecraft:oak_log":18,"minecraft:chainmail_chestplate":3,"minecraft:gunpowder":6,"minecraft:cooked_mutton":2,"minecraft:stone_bricks":5,"minecraft:apple":12,"minecraft:gray_carpet":16,"travelersbackpack:cake":1,"minecraft:iron_ingot":9,"minecraft:cooked_chicken":1,"minecraft:polished_andesite_slab":1,"minecraft:acacia_sapling":4,"minecraft:dark_oak_stairs":39,"minecraft:book":15,"minecraft:dark_oak_slab":40,"minecraft:sweet_berries":1,"minecraft:stone_brick_slab":1,"minecraft:gravel":18,"minecraft:white_bed":2,"minecraft:spruce_log":6,"minecraft:nether_brick_slab":80,"minecraft:dark_oak_fence_gate":21,"minecraft:spruce_door":3,"minecraft:stone_axe":6,"minecraft:gray_wool":5,"tombstone:magic_scroll":7,"minecraft:dark_oak_wood":8,"minecraft:smooth_quartz_slab":2,"minecraft:coal":298},"minecraft:used":{"minecraft:beetroot":24,"minecraft:spruce_slab":3,"minecraft:shield":5,"minecraft:chest":13,"minecraft:player_head":2,"minecraft:mutton":1,"minecraft:carrot":12,"minecraft:acacia_sapling":4,"minecraft:birch_trapdoor":1,"minecraft:oak_sapling":3,"minecraft:furnace":13,"minecraft:beetroot_seeds":1,"minecraft:diorite":1,"minecraft:leather_leggings":1,"minecraft:stone_pickaxe":103,"minecraft:oak_planks":4,"minecraft:wooden_pickaxe":43,"minecraft:leather_chestplate":1,"minecraft:white_wool":2,"minecraft:stripped_mangrove_wood":7,"minecraft:dark_oak_trapdoor":10,"travelersbackpack:bee":1,"minecraft:bread":6,"minecraft:cyan_bed":2,"minecraft:polished_andesite_slab":1,"minecraft:chainmail_boots":1,"minecraft:waxed_cut_copper_stairs":8,"minecraft:flint_and_steel":44,"minecraft:spruce_planks":55,"minecraft:cooked_salmon":6,"minecraft:cooked_chicken":6,"minecraft:torch":99,"minecraft:dirt":210,"minecraft:spruce_stairs":6,"minecraft:chainmail_chestplate":1,"minecraft:nether_brick_slab":29,"minecraft:granite":27,"minecraft:birch_door":3,"minecraft:wooden_axe":35,"minecraft:dark_oak_planks":33,"minecraft:iron_axe":52,"minecraft:barrel":2,"minecraft:waxed_cut_copper_slab":7,"minecraft:beef":4,"tombstone:gift":6,"travelersbackpack:cake":1,"minecraft:cooked_beef":9,"minecraft:calcite":1,"minecraft:cooked_mutton":26,"minecraft:red_nether_bricks":3,"minecraft:cobblestone_slab":4,"minecraft:crafting_table":9,"minecraft:white_bed":1,"minecraft:mangrove_sign":2,"minecraft:apple":1,"minecraft:iron_pickaxe":120,"tombstone:magic_scroll":1,"minecraft:stone_axe":586,"minecraft:cobblestone":440,"minecraft:cooked_porkchop":6,"minecraft:pumpkin_pie":1},"minecraft:dropped":{"minecraft:nether_brick_stairs":17,"minecraft:spruce_sign":4,"minecraft:moss_block":1,"minecraft:birch_planks":1,"minecraft:dark_oak_stairs":11,"minecraft:stripped_mangrove_wood":12,"minecraft:cooked_porkchop":19,"minecraft:cookie":1,"minecraft:leather":2,"minecraft:jungle_planks":73,"minecraft:item_frame":10,"minecraft:dirt":92,"minecraft:yellow_dye":1,"minecraft:dark_oak_trapdoor":44,"minecraft:mangrove_stairs":7,"minecraft:stripped_dark_oak_wood":4,"minecraft:chain":1,"minecraft:jungle_sapling":3,"minecraft:pumpkin_pie":2,"minecraft:bone_meal":2,"minecraft:dark_oak_planks":18,"minecraft:white_wool":1,"minecraft:mangrove_slab":19,"minecraft:cyan_carpet":34,"minecraft:bone":4,"minecraft:waxed_cut_copper_slab":35,"minecraft:gravel":18,"minecraft:stone_axe":5,"minecraft:waxed_cut_copper_stairs":6,"minecraft:beetroot":10,"minecraft:rotten_flesh":70,"minecraft:oak_planks":25,"minecraft:mangrove_sign":1,"minecraft:waxed_copper_block":1,"minecraft:dark_oak_fence_gate":7,"minecraft:leather_chestplate":1,"minecraft:gunpowder":5,"minecraft:azalea_leaves":2,"minecraft:birch_trapdoor":1,"minecraft:birch_door":1,"minecraft:azalea":1,"minecraft:enchanted_book":1,"minecraft:iron_ingot":1,"minecraft:stripped_mangrove_log":7,"minecraft:wheat_seeds":7,"minecraft:mangrove_trapdoor":27,"minecraft:mossy_cobblestone":1,"minecraft:smooth_quartz_stairs":14,"minecraft:cobblestone":570,"minecraft:apple":5,"minecraft:granite":144,"minecraft:spruce_door":2,"minecraft:spruce_stairs":15,"minecraft:coal":54,"minecraft:stick":21,"minecraft:oxeye_daisy":1,"minecraft:gray_wool":1,"minecraft:deepslate_brick_stairs":4,"minecraft:diorite":30,"tombstone:magic_scroll":2,"tombstone:grave_dust":16,"minecraft:smooth_quartz_slab":1,"minecraft:tripwire_hook":8,"minecraft:nether_brick_slab":30,"minecraft:player_head":7,"minecraft:raw_copper":3,"minecraft:dark_oak_sign":6,"minecraft:cocoa_beans":9,"minecraft:clay_ball":1,"minecraft:cobblestone_slab":2,"minecraft:shield":1,"minecraft:flower_pot":1,"minecraft:waxed_cut_copper":4,"minecraft:spruce_trapdoor":7,"minecraft:spruce_planks":66,"minecraft:andesite":79,"minecraft:cake":2,"minecraft:oak_sapling":3,"minecraft:bamboo":23,"minecraft:brown_carpet":7,"minecraft:rabbit_stew":1,"minecraft:wooden_pickaxe":1,"minecraft:calcite":25,"minecraft:dark_prismarine":1,"minecraft:cyan_bed":1}},"DataVersion":3700}