{"stats":{"minecraft:crafted":{"minecraft:oak_planks":72,"minecraft:cooked_chicken":5,"minecraft:furnace":2,"minecraft:cooked_mutton":4,"minecraft:flint_and_steel":1,"minecraft:stone_pickaxe":1,"minecraft:chest":2,"minecraft:cooked_beef":4,"minecraft:cooked_porkchop":14,"minecraft:crafting_table":4,"minecraft:wooden_pickaxe":1,"minecraft:cooked_salmon":4,"minecraft:stone_axe":6,"minecraft:air":0,"minecraft:jungle_planks":56,"minecraft:stick":36,"minecraft:iron_ingot":5,"minecraft:iron_pickaxe":1,"minecraft:wooden_axe":1,"minecraft:torch":46},"minecraft:broken":{"minecraft:wooden_pickaxe":1,"minecraft:stone_pickaxe":1,"minecraft:stone_axe":3,"minecraft:wooden_axe":1},"minecraft:killed_by":{"minecraft:husk":2},"minecraft:custom":{"minecraft:mob_kills":64,"minecraft:animals_bred":1,"minecraft:interact_with_crafting_table":26,"minecraft:open_barrel":12,"minecraft:damage_dealt_resisted":544,"minecraft:eat_cake_slice":4,"minecraft:leave_game":9,"minecraft:time_since_death":3115,"minecraft:climb_one_cm":50550,"minecraft:damage_resisted":48,"minecraft:sprint_one_cm":185665,"minecraft:walk_one_cm":153359,"minecraft:drop":70,"minecraft:play_time":89561,"minecraft:deaths":2,"minecraft:sneak_time":8910,"minecraft:walk_under_water_one_cm":15063,"minecraft:boat_one_cm":4210,"minecraft:jump":3356,"minecraft:interact_with_blast_furnace":1,"minecraft:walk_on_water_one_cm":13300,"minecraft:total_world_time":89561,"minecraft:interact_with_furnace":33,"minecraft:sleep_in_bed":2,"minecraft:time_since_rest":3046,"minecraft:damage_taken":2482,"minecraft:damage_dealt":14359,"minecraft:swim_one_cm":42529,"minecraft:fly_one_cm":172754,"minecraft:open_chest":15,"minecraft:crouch_one_cm":25075,"tombstone:undead_killed":35,"minecraft:fall_one_cm":33151},"minecraft:killed":{"minecraft:skeleton":1,"minecraft:chicken":5,"minecraft:husk":30,"minecraft:pig":8,"minecraft:salmon":4,"minecraft:sheep":6,"minecraft:zombie":4,"minecraft:cow":4},"minecraft:mined":{"minecraft:dark_oak_planks":106,"minecraft:waxed_cut_copper_slab":57,"minecraft:white_bed":1,"minecraft:mossy_cobblestone":1,"minecraft:jungle_leaves":261,"minecraft:red_nether_bricks":17,"minecraft:glow_lichen":2,"minecraft:granite":2,"minecraft:acacia_log":4,"minecraft:grass_block":110,"minecraft:jungle_log":24,"minecraft:furnace":9,"minecraft:dark_oak_trapdoor":36,"minecraft:iron_ore":5,"minecraft:fire":12,"minecraft:nether_brick_stairs":1,"minecraft:dark_oak_stairs":24,"minecraft:polished_deepslate":2,"minecraft:vine":153,"minecraft:flowering_azalea_leaves":16,"minecraft:deepslate_brick_stairs":4,"minecraft:smooth_quartz_stairs":6,"minecraft:azalea_leaves":51,"minecraft:bamboo":6,"minecraft:stripped_mangrove_wood":24,"minecraft:stone":846,"minecraft:white_wool":2,"minecraft:waxed_cut_copper_stairs":13,"minecraft:waxed_cut_copper":1,"minecraft:acacia_leaves":136,"minecraft:mangrove_stairs":4,"minecraft:crafting_table":4,"minecraft:short_grass":66,"minecraft:calcite":38,"minecraft:chest":2,"minecraft:nether_brick_slab":63,"minecraft:tall_grass":6,"minecraft:copper_ore":22,"minecraft:cobblestone":6,"minecraft:cyan_bed":2,"minecraft:oak_planks":4,"minecraft:diorite":27,"minecraft:wall_torch":1,"minecraft:dark_oak_wall_sign":1,"minecraft:birch_trapdoor":2,"minecraft:coal_ore":97,"minecraft:oak_log":20,"minecraft:cocoa":3,"minecraft:cyan_carpet":1,"minecraft:gravel":12,"minecraft:dirt":242,"minecraft:tripwire_hook":2,"minecraft:oak_leaves":230,"minecraft:cyan_candle":2},"minecraft:picked_up":{"minecraft:cocoa_beans":9,"minecraft:birch_door":5,"minecraft:crafting_table":2,"minecraft:chicken":5,"minecraft:wooden_pickaxe":1,"minecraft:dark_oak_trapdoor":27,"minecraft:waxed_cut_copper_slab":12,"minecraft:raw_copper":139,"minecraft:red_nether_bricks":1,"minecraft:cyan_carpet":23,"minecraft:beef":8,"minecraft:jungle_sapling":3,"minecraft:azalea":1,"minecraft:calcite":13,"minecraft:chest":2,"minecraft:furnace":9,"minecraft:raw_iron":5,"minecraft:stick":26,"minecraft:stripped_mangrove_wood":7,"minecraft:torch":2,"minecraft:porkchop":15,"minecraft:cookie":2,"tombstone:grave_dust":4,"minecraft:diorite":29,"minecraft:carrot":1,"minecraft:dark_oak_planks":16,"minecraft:waxed_cut_copper_stairs":8,"minecraft:mangrove_stairs":5,"minecraft:rotten_flesh":41,"minecraft:deepslate_brick_stairs":8,"minecraft:mutton":7,"minecraft:white_wool":12,"minecraft:cobblestone":571,"minecraft:cooked_beef":2,"minecraft:feather":6,"minecraft:tripwire_hook":2,"minecraft:jungle_log":14,"minecraft:salmon":4,"minecraft:leather":10,"minecraft:potato":2,"minecraft:flint":1,"minecraft:oak_log":18,"minecraft:gunpowder":5,"minecraft:mangrove_slab":8,"minecraft:dirt":197,"minecraft:bone":4,"minecraft:apple":1,"minecraft:wheat_seeds":10,"minecraft:iron_ingot":1,"minecraft:cooked_chicken":1,"minecraft:cyan_candle":14,"minecraft:bamboo":46,"minecraft:oak_planks":41,"minecraft:acacia_sapling":4,"minecraft:dark_oak_stairs":10,"minecraft:cooked_porkchop":1,"minecraft:gravel":18,"minecraft:jungle_planks":144,"minecraft:white_bed":2,"minecraft:nether_brick_slab":30,"minecraft:cyan_bed":2,"minecraft:mossy_cobblestone":1,"minecraft:soul_lantern":4,"minecraft:stone_axe":3,"minecraft:granite":2,"minecraft:bone_meal":1,"minecraft:gray_wool":2,"minecraft:golden_apple":1,"tombstone:magic_scroll":1,"minecraft:oak_sapling":6,"minecraft:smooth_quartz_slab":2,"minecraft:coal":200},"minecraft:used":{"minecraft:flint_and_steel":28,"minecraft:chest":4,"minecraft:cooked_salmon":4,"minecraft:cooked_chicken":6,"minecraft:torch":28,"minecraft:dirt":196,"minecraft:mutton":1,"minecraft:nether_brick_slab":8,"minecraft:acacia_sapling":4,"minecraft:granite":2,"minecraft:birch_door":3,"minecraft:wooden_axe":35,"minecraft:waxed_cut_copper_slab":7,"minecraft:beef":4,"minecraft:furnace":9,"minecraft:oak_sapling":3,"tombstone:gift":1,"minecraft:cooked_beef":7,"minecraft:cooked_mutton":1,"minecraft:diorite":1,"minecraft:stone_pickaxe":103,"minecraft:red_nether_bricks":1,"minecraft:oak_planks":4,"minecraft:wooden_pickaxe":43,"minecraft:white_wool":2,"minecraft:stripped_mangrove_wood":5,"minecraft:dark_oak_trapdoor":9,"minecraft:crafting_table":6,"minecraft:white_bed":1,"minecraft:apple":1,"minecraft:iron_pickaxe":16,"minecraft:stone_axe":251,"minecraft:cobblestone":118,"minecraft:cooked_porkchop":6,"minecraft:waxed_cut_copper_stairs":8},"minecraft:dropped":{"minecraft:dark_oak_stairs":5,"minecraft:stripped_mangrove_wood":2,"minecraft:wheat_seeds":7,"minecraft:mossy_cobblestone":1,"minecraft:cobblestone":169,"minecraft:stick":8,"minecraft:dirt":1,"minecraft:deepslate_brick_stairs":4,"minecraft:diorite":28,"minecraft:dark_oak_trapdoor":9,"minecraft:mangrove_stairs":3,"minecraft:smooth_quartz_slab":1,"minecraft:jungle_sapling":3,"minecraft:bone_meal":1,"minecraft:dark_oak_planks":8,"minecraft:cyan_carpet":8,"minecraft:waxed_cut_copper_slab":5,"minecraft:bone":2,"minecraft:gravel":18,"minecraft:nether_brick_slab":22,"minecraft:stone_axe":2,"minecraft:cocoa_beans":9,"minecraft:raw_copper":3,"minecraft:rotten_flesh":16,"minecraft:gunpowder":5,"minecraft:birch_door":1,"minecraft:azalea":1,"minecraft:oak_sapling":3,"minecraft:bamboo":23,"minecraft:wooden_pickaxe":1,"minecraft:calcite":5,"minecraft:cyan_bed":1}},"DataVersion":3700}