{"stats":{"minecraft:crafted":{"minecraft:cooked_beef":4,"minecraft:oak_planks":72,"minecraft:crafting_table":3,"minecraft:wooden_pickaxe":1,"minecraft:furnace":2,"minecraft:stone_axe":1,"minecraft:cooked_mutton":1,"minecraft:air":0,"minecraft:jungle_planks":56,"minecraft:stick":8,"minecraft:stone_pickaxe":1,"minecraft:wooden_axe":1,"minecraft:torch":22},"minecraft:broken":{"minecraft:wooden_axe":1},"minecraft:custom":{"minecraft:interact_with_furnace":13,"minecraft:mob_kills":10,"minecraft:animals_bred":1,"minecraft:interact_with_crafting_table":13,"minecraft:leave_game":9,"minecraft:time_since_death":29561,"minecraft:climb_one_cm":179,"minecraft:time_since_rest":29561,"minecraft:sprint_one_cm":82831,"minecraft:damage_taken":385,"minecraft:walk_one_cm":56861,"minecraft:drop":13,"minecraft:damage_dealt":1522,"minecraft:swim_one_cm":11727,"minecraft:fly_one_cm":88195,"minecraft:crouch_one_cm":2314,"minecraft:play_time":29561,"tombstone:undead_killed":2,"minecraft:sneak_time":937,"minecraft:walk_under_water_one_cm":1223,"minecraft:jump":1026,"minecraft:walk_on_water_one_cm":3060,"minecraft:total_world_time":29561,"minecraft:fall_one_cm":13399},"minecraft:killed":{"minecraft:pig":2,"minecraft:sheep":2,"minecraft:zombie":2,"minecraft:cow":4},"minecraft:mined":{"minecraft:acacia_leaves":136,"minecraft:jungle_leaves":261,"minecraft:crafting_table":1,"minecraft:granite":2,"minecraft:short_grass":56,"minecraft:acacia_log":4,"minecraft:grass_block":110,"minecraft:jungle_log":24,"minecraft:copper_ore":13,"minecraft:tall_grass":1,"minecraft:oak_planks":4,"minecraft:diorite":23,"minecraft:furnace":3,"minecraft:iron_ore":4,"minecraft:oak_log":20,"minecraft:coal_ore":60,"minecraft:flowering_azalea_leaves":16,"minecraft:cocoa":3,"minecraft:vine":153,"minecraft:gravel":12,"minecraft:dirt":192,"minecraft:azalea_leaves":51,"minecraft:bamboo":6,"minecraft:stone":324,"minecraft:white_wool":2,"minecraft:oak_leaves":230},"minecraft:picked_up":{"minecraft:cocoa_beans":9,"minecraft:jungle_log":14,"minecraft:leather":5,"minecraft:wooden_pickaxe":1,"minecraft:flint":1,"minecraft:oak_log":18,"minecraft:gunpowder":5,"minecraft:dirt":160,"minecraft:raw_copper":37,"minecraft:apple":1,"minecraft:wheat_seeds":8,"minecraft:beef":8,"minecraft:azalea":1,"minecraft:jungle_sapling":3,"minecraft:bamboo":23,"minecraft:oak_planks":4,"minecraft:acacia_sapling":4,"minecraft:furnace":3,"minecraft:stick":17,"minecraft:raw_iron":4,"minecraft:gravel":9,"minecraft:porkchop":3,"tombstone:grave_dust":1,"minecraft:diorite":14,"minecraft:rotten_flesh":3,"minecraft:granite":2,"minecraft:oak_sapling":6,"minecraft:mutton":4,"minecraft:coal":62,"minecraft:white_wool":4,"minecraft:cobblestone":173},"minecraft:used":{"minecraft:cooked_mutton":1,"minecraft:stone_pickaxe":55,"minecraft:oak_planks":4,"minecraft:wooden_pickaxe":21,"minecraft:white_wool":2,"minecraft:torch":3,"minecraft:dirt":7,"minecraft:mutton":1,"minecraft:crafting_table":3,"minecraft:acacia_sapling":4,"minecraft:wooden_axe":35,"minecraft:apple":1,"minecraft:stone_axe":17,"minecraft:beef":4,"minecraft:oak_sapling":3,"minecraft:furnace":5,"minecraft:cooked_beef":3},"minecraft:dropped":{"minecraft:wheat_seeds":5,"minecraft:rotten_flesh":3,"minecraft:dirt":1,"minecraft:gunpowder":4,"minecraft:oak_sapling":3,"minecraft:jungle_sapling":1,"minecraft:wooden_pickaxe":1}},"DataVersion":3700}