{"stats":{"minecraft:crafted":{"minecraft:oak_planks":4,"minecraft:cooked_porkchop":3,"minecraft:crafting_table":1,"minecraft:jungle_boat":2,"minecraft:cooked_chicken":1,"minecraft:furnace":4,"minecraft:cooked_salmon":4,"minecraft:stone_axe":2,"minecraft:cooked_mutton":3,"minecraft:air":0,"minecraft:jungle_planks":276,"minecraft:stone_pickaxe":2,"minecraft:stone_sword":1},"minecraft:killed_by":{"minecraft:spider":1},"minecraft:custom":{"minecraft:interact_with_furnace":19,"minecraft:mob_kills":26,"minecraft:tune_noteblock":84,"minecraft:interact_with_crafting_table":11,"minecraft:leave_game":10,"minecraft:time_since_death":27170,"minecraft:climb_one_cm":6726,"minecraft:time_since_rest":26395,"minecraft:sprint_one_cm":150396,"minecraft:damage_taken":742,"minecraft:walk_one_cm":106278,"minecraft:drop":25,"minecraft:damage_dealt":2476,"minecraft:swim_one_cm":14933,"minecraft:fly_one_cm":194293,"minecraft:open_chest":1,"minecraft:crouch_one_cm":4556,"minecraft:play_time":39483,"tombstone:undead_killed":1,"minecraft:deaths":2,"minecraft:sneak_time":1254,"minecraft:walk_under_water_one_cm":10047,"minecraft:boat_one_cm":29151,"minecraft:jump":926,"minecraft:walk_on_water_one_cm":3501,"minecraft:total_world_time":39483,"minecraft:fall_one_cm":26758},"minecraft:killed":{"minecraft:pig":1,"minecraft:salmon":4,"minecraft:spider":1,"minecraft:sheep":12,"minecraft:zombie":1,"minecraft:chicken":1,"minecraft:cow":6},"minecraft:mined":{"minecraft:acacia_leaves":155,"minecraft:brick_wall":2,"minecraft:jungle_leaves":65,"minecraft:stone_brick_slab":1,"minecraft:smooth_sandstone":10,"minecraft:crafting_table":3,"minecraft:short_grass":40,"minecraft:acacia_log":23,"minecraft:grass_block":3,"minecraft:jungle_planks":20,"minecraft:chest":1,"minecraft:brick_stairs":1,"minecraft:jungle_log":83,"minecraft:tall_grass":5,"minecraft:oak_planks":4,"minecraft:bricks":3,"minecraft:furnace":4,"minecraft:stripped_dark_oak_wood":4,"minecraft:stone_brick_stairs":7,"minecraft:coal_ore":6,"minecraft:oak_log":1,"minecraft:vine":169,"minecraft:lantern":1,"minecraft:dirt":2,"minecraft:smooth_sandstone_stairs":11,"minecraft:stone":21,"minecraft:stone_bricks":16,"minecraft:redstone_lamp":2,"minecraft:oak_leaves":5,"minecraft:fern":1},"minecraft:picked_up":{"minecraft:crafting_table":4,"minecraft:jungle_boat":1,"minecraft:feather":2,"minecraft:repeater":2,"minecraft:chicken":1,"minecraft:jungle_log":79,"minecraft:salmon":4,"minecraft:leather":6,"minecraft:wooden_pickaxe":1,"minecraft:smooth_sandstone_stairs":2,"minecraft:stone_brick_stairs":1,"minecraft:oak_log":1,"minecraft:gunpowder":1,"minecraft:string":1,"minecraft:dirt":157,"minecraft:cooked_mutton":2,"minecraft:stone_bricks":4,"minecraft:smooth_sandstone":5,"minecraft:bone":2,"minecraft:wheat_seeds":10,"minecraft:beef":12,"minecraft:jungle_sapling":2,"minecraft:chest":1,"minecraft:acacia_sapling":13,"minecraft:furnace":4,"minecraft:egg":1,"minecraft:stick":9,"minecraft:stone":1,"minecraft:acacia_log":23,"minecraft:porkchop":3,"minecraft:jungle_planks":12,"tombstone:grave_dust":2,"minecraft:diorite":7,"minecraft:redstone":2,"minecraft:arrow":2,"minecraft:rotten_flesh":10,"minecraft:gray_wool":1,"minecraft:oak_sapling":5,"minecraft:mutton":16,"minecraft:coal":12,"minecraft:white_wool":11,"minecraft:cobblestone":110},"minecraft:used":{"minecraft:cooked_mutton":3,"minecraft:stone_sword":64,"minecraft:stone_pickaxe":9,"minecraft:cooked_chicken":1,"minecraft:jungle_boat":1,"minecraft:rotten_flesh":4,"minecraft:dirt":93,"minecraft:crafting_table":3,"minecraft:acacia_sapling":13,"minecraft:stone_axe":18,"minecraft:furnace":4,"minecraft:oak_sapling":1,"minecraft:cooked_porkchop":2,"tombstone:gift":2},"minecraft:dropped":{"minecraft:wheat_seeds":10,"minecraft:smooth_sandstone_stairs":2,"minecraft:feather":2,"minecraft:rotten_flesh":6,"minecraft:cooked_mutton":2,"minecraft:gunpowder":1,"minecraft:repeater":2,"minecraft:oak_sapling":4,"tombstone:grave_dust":1,"minecraft:jungle_sapling":2,"minecraft:stone_bricks":4,"minecraft:wooden_pickaxe":1,"minecraft:stone_brick_stairs":1,"minecraft:smooth_sandstone":5,"minecraft:bone":2,"minecraft:redstone":2}},"DataVersion":3700}