{"stats":{"minecraft:crafted":{"minecraft:oak_planks":4,"minecraft:crafting_table":1,"minecraft:jungle_boat":2,"minecraft:stone_pickaxe":2,"minecraft:stone_sword":1,"minecraft:stone_axe":2,"minecraft:cooked_mutton":2,"minecraft:jungle_planks":276},"minecraft:killed_by":{"minecraft:spider":1},"minecraft:custom":{"minecraft:time_since_rest":14395,"minecraft:interact_with_furnace":3,"minecraft:sprint_one_cm":99900,"minecraft:damage_taken":692,"minecraft:walk_one_cm":64279,"minecraft:mob_kills":8,"minecraft:drop":15,"minecraft:damage_dealt":806,"minecraft:interact_with_crafting_table":10,"minecraft:swim_one_cm":8485,"minecraft:fly_one_cm":119539,"minecraft:crouch_one_cm":3560,"minecraft:play_time":27483,"tombstone:undead_killed":1,"minecraft:deaths":2,"minecraft:sneak_time":975,"minecraft:walk_under_water_one_cm":5178,"minecraft:jump":624,"minecraft:leave_game":10,"minecraft:time_since_death":15170,"minecraft:walk_on_water_one_cm":1728,"minecraft:climb_one_cm":4082,"minecraft:total_world_time":27483,"minecraft:fall_one_cm":18662},"minecraft:killed":{"minecraft:sheep":1,"minecraft:zombie":1,"minecraft:pig":1,"minecraft:salmon":4,"minecraft:cow":1},"minecraft:mined":{"minecraft:acacia_leaves":155,"minecraft:jungle_leaves":65,"minecraft:crafting_table":2,"minecraft:short_grass":28,"minecraft:acacia_log":23,"minecraft:grass_block":2,"minecraft:oak_log":1,"minecraft:vine":169,"minecraft:jungle_log":83,"minecraft:dirt":1,"minecraft:tall_grass":4,"minecraft:fern":1,"minecraft:oak_leaves":5},"minecraft:picked_up":{"minecraft:stick":9,"minecraft:crafting_table":3,"minecraft:salmon":4,"minecraft:jungle_log":79,"minecraft:leather":2,"minecraft:wooden_pickaxe":1,"minecraft:acacia_log":23,"minecraft:porkchop":3,"minecraft:oak_log":1,"tombstone:grave_dust":2,"minecraft:diorite":7,"minecraft:gunpowder":1,"minecraft:arrow":2,"minecraft:dirt":157,"minecraft:cooked_mutton":2,"minecraft:bone":2,"minecraft:rotten_flesh":10,"minecraft:wheat_seeds":7,"minecraft:beef":2,"minecraft:jungle_sapling":2,"minecraft:oak_sapling":5,"minecraft:coal":6,"minecraft:mutton":1,"minecraft:acacia_sapling":13,"minecraft:white_wool":1,"minecraft:cobblestone":100},"minecraft:used":{"minecraft:cooked_mutton":2,"minecraft:stone_sword":28,"minecraft:stone_axe":1,"minecraft:rotten_flesh":4,"minecraft:dirt":93,"minecraft:crafting_table":2,"minecraft:oak_sapling":1,"tombstone:gift":2,"minecraft:acacia_sapling":13},"minecraft:dropped":{"minecraft:wheat_seeds":6,"minecraft:gunpowder":1,"minecraft:oak_sapling":4,"tombstone:grave_dust":1,"minecraft:rotten_flesh":6,"minecraft:jungle_sapling":2,"minecraft:wooden_pickaxe":1,"minecraft:cooked_mutton":2}},"DataVersion":3700}