{"stats":{"minecraft:crafted":{"minecraft:oak_planks":4,"minecraft:cooked_chicken":1,"minecraft:furnace":4,"minecraft:cooked_mutton":18,"travelersbackpack:white_sleeping_bag":1,"minecraft:stone_pickaxe":2,"minecraft:chest":1,"minecraft:cooked_beef":12,"minecraft:cooked_porkchop":3,"minecraft:crafting_table":1,"minecraft:jungle_boat":2,"minecraft:cooked_salmon":4,"minecraft:stone_axe":3,"minecraft:air":0,"minecraft:jungle_planks":276,"minecraft:stone_sword":3,"minecraft:white_bed":1},"minecraft:broken":{"minecraft:stone_sword":1,"minecraft:stone_axe":2},"minecraft:killed_by":{"minecraft:husk":8,"minecraft:spider":1},"minecraft:custom":{"minecraft:mob_kills":52,"minecraft:open_barrel":16,"minecraft:interact_with_crafting_table":17,"minecraft:damage_dealt_resisted":143,"minecraft:eat_cake_slice":4,"minecraft:leave_game":10,"minecraft:time_since_death":11807,"minecraft:climb_one_cm":34130,"minecraft:damage_resisted":60,"minecraft:sprint_one_cm":257949,"minecraft:walk_one_cm":211474,"minecraft:drop":99,"minecraft:play_time":87483,"minecraft:deaths":10,"minecraft:sneak_time":8266,"minecraft:walk_under_water_one_cm":10791,"minecraft:boat_one_cm":37387,"minecraft:jump":1310,"minecraft:walk_on_water_one_cm":6763,"minecraft:total_world_time":87483,"minecraft:interact_with_furnace":28,"minecraft:tune_noteblock":84,"minecraft:sleep_in_bed":3,"minecraft:time_since_rest":11713,"minecraft:damage_taken":4137,"minecraft:damage_dealt":13045,"minecraft:swim_one_cm":16021,"minecraft:fly_one_cm":266680,"minecraft:open_chest":19,"minecraft:crouch_one_cm":18660,"tombstone:undead_killed":27,"minecraft:fall_one_cm":44181},"minecraft:killed":{"minecraft:spider":1,"minecraft:skeleton":2,"minecraft:chicken":1,"minecraft:husk":21,"minecraft:pig":1,"minecraft:salmon":4,"minecraft:sheep":12,"minecraft:zombie":4,"minecraft:cow":6},"minecraft:mined":{"minecraft:dark_oak_planks":185,"minecraft:waxed_cut_copper_slab":42,"minecraft:stripped_mangrove_log":9,"minecraft:jungle_leaves":65,"minecraft:red_nether_bricks":34,"minecraft:mangrove_wall_sign":6,"minecraft:spruce_trapdoor":4,"minecraft:ladder":47,"minecraft:granite":1,"minecraft:acacia_log":23,"minecraft:grass_block":12,"minecraft:jungle_planks":20,"minecraft:mangrove_fence":1,"minecraft:jungle_log":83,"minecraft:brick_stairs":1,"minecraft:orange_candle":2,"travelersbackpack:white_sleeping_bag":1,"minecraft:mangrove_trapdoor":11,"minecraft:cartography_table":1,"minecraft:spawner":7,"minecraft:black_stained_glass_pane":8,"minecraft:furnace":7,"minecraft:dark_oak_trapdoor":85,"minecraft:polished_blackstone_button":1,"minecraft:dark_oak_fence_gate":5,"minecraft:stripped_dark_oak_wood":25,"minecraft:nether_brick_stairs":13,"minecraft:dark_oak_stairs":37,"minecraft:polished_deepslate":4,"minecraft:bookshelf":4,"minecraft:vine":169,"minecraft:lantern":1,"minecraft:smooth_sandstone_stairs":11,"minecraft:smooth_quartz_stairs":13,"minecraft:stone":25,"minecraft:stripped_mangrove_wood":44,"minecraft:player_head":6,"minecraft:waxed_cut_copper":4,"minecraft:waxed_cut_copper_stairs":23,"minecraft:acacia_leaves":155,"minecraft:mangrove_stairs":25,"minecraft:brick_wall":2,"tombstone:grave_simple":1,"minecraft:stone_brick_slab":1,"minecraft:soul_lantern":3,"minecraft:crafting_table":3,"minecraft:smooth_sandstone":10,"minecraft:torch":1,"minecraft:short_grass":40,"minecraft:blast_furnace":2,"minecraft:calcite":52,"minecraft:chest":3,"minecraft:nether_brick_slab":53,"minecraft:lectern":1,"minecraft:spruce_wall_sign":4,"minecraft:lightning_rod":4,"minecraft:potted_oxeye_daisy":1,"minecraft:smooth_quartz_slab":6,"minecraft:cobblestone":18,"minecraft:tall_grass":5,"minecraft:cyan_bed":2,"minecraft:oak_planks":4,"minecraft:bricks":3,"minecraft:diorite":10,"minecraft:spruce_stairs":11,"minecraft:dark_oak_slab":7,"minecraft:dark_oak_wall_sign":1,"minecraft:birch_trapdoor":5,"minecraft:waxed_copper_block":1,"minecraft:stone_brick_stairs":7,"minecraft:mangrove_slab":38,"minecraft:oak_log":1,"minecraft:coal_ore":25,"minecraft:cyan_carpet":1,"minecraft:dirt":5,"minecraft:stone_bricks":16,"minecraft:iron_trapdoor":2,"minecraft:cyan_candle":5,"minecraft:oak_leaves":59,"minecraft:fern":1,"minecraft:redstone_lamp":2},"minecraft:picked_up":{"minecraft:birch_door":3,"minecraft:crafting_table":4,"minecraft:chicken":1,"minecraft:wooden_pickaxe":1,"minecraft:enchanted_book":1,"minecraft:stone_brick_stairs":1,"minecraft:polished_deepslate":1,"minecraft:stripped_mangrove_log":8,"minecraft:waxed_cut_copper_slab":14,"minecraft:dark_oak_trapdoor":39,"minecraft:string":2,"minecraft:red_nether_bricks":16,"minecraft:cyan_carpet":12,"minecraft:gold_nugget":10,"minecraft:beef":24,"minecraft:calcite":27,"minecraft:jungle_sapling":2,"minecraft:player_head":6,"minecraft:chest":2,"minecraft:smooth_quartz_stairs":6,"minecraft:spruce_trapdoor":4,"minecraft:egg":1,"minecraft:furnace":10,"minecraft:stick":17,"minecraft:stripped_mangrove_wood":32,"minecraft:stone":1,"minecraft:birch_trapdoor":1,"minecraft:torch":4,"minecraft:acacia_log":46,"minecraft:spruce_stairs":4,"minecraft:porkchop":3,"minecraft:lightning_rod":2,"tombstone:grave_dust":4,"minecraft:diorite":12,"minecraft:redstone":2,"minecraft:mangrove_trapdoor":7,"minecraft:dark_oak_planks":76,"minecraft:waxed_cut_copper_stairs":14,"minecraft:mangrove_stairs":27,"minecraft:arrow":8,"minecraft:rotten_flesh":32,"minecraft:stripped_dark_oak_wood":5,"minecraft:waxed_cut_copper":4,"minecraft:mutton":31,"minecraft:white_wool":11,"minecraft:cobblestone":120,"minecraft:jungle_boat":2,"minecraft:feather":2,"minecraft:repeater":2,"minecraft:salmon":4,"minecraft:jungle_log":79,"minecraft:leather":12,"minecraft:potato":2,"minecraft:smooth_sandstone_stairs":2,"minecraft:oak_log":1,"minecraft:waxed_copper_block":1,"minecraft:gunpowder":2,"minecraft:mangrove_slab":24,"minecraft:dirt":171,"tombstone:gift":1,"minecraft:cooked_mutton":2,"minecraft:smooth_sandstone":5,"minecraft:bone":8,"minecraft:apple":1,"minecraft:stone_bricks":4,"minecraft:wheat_seeds":10,"minecraft:stone_pickaxe":1,"minecraft:dark_oak_sign":1,"minecraft:cyan_candle":6,"minecraft:acacia_sapling":13,"minecraft:dark_oak_stairs":25,"minecraft:dark_oak_slab":5,"minecraft:cooked_porkchop":1,"minecraft:jungle_planks":215,"minecraft:nether_brick_stairs":9,"minecraft:blast_furnace":2,"minecraft:white_bed":1,"minecraft:orange_candle":6,"minecraft:nether_brick_slab":28,"minecraft:cyan_bed":3,"travelersbackpack:white_sleeping_bag":2,"minecraft:stone_axe":2,"minecraft:soul_lantern":3,"minecraft:polished_blackstone_button":2,"minecraft:painting":1,"minecraft:golden_apple":2,"minecraft:gray_wool":1,"minecraft:spruce_sign":3,"tombstone:magic_scroll":1,"minecraft:oak_sapling":5,"minecraft:coal":70},"minecraft:used":{"minecraft:stone_sword":224,"minecraft:chest":3,"minecraft:rotten_flesh":4,"minecraft:cooked_salmon":4,"minecraft:cooked_chicken":1,"minecraft:dirt":103,"minecraft:diamond_helmet":1,"minecraft:nether_brick_slab":9,"minecraft:carrot":10,"minecraft:acacia_sapling":13,"minecraft:dark_oak_planks":14,"minecraft:stripped_dark_oak_wood":3,"minecraft:waxed_cut_copper_slab":2,"minecraft:oak_sapling":1,"minecraft:furnace":7,"tombstone:gift":4,"minecraft:egg":1,"minecraft:cooked_beef":2,"minecraft:leather_leggings":1,"minecraft:cooked_mutton":6,"minecraft:diorite":3,"minecraft:stone_pickaxe":37,"minecraft:leather_chestplate":2,"minecraft:jungle_boat":2,"minecraft:white_wool":2,"minecraft:stripped_mangrove_wood":9,"minecraft:crafting_table":3,"minecraft:mushroom_stew":1,"minecraft:cake":1,"minecraft:apple":1,"travelersbackpack:white_sleeping_bag":1,"tombstone:magic_scroll":10,"minecraft:stone_axe":168,"minecraft:cobblestone":5,"minecraft:turtle_helmet":1,"minecraft:cooked_porkchop":3},"minecraft:dropped":{"minecraft:nether_brick_stairs":9,"minecraft:spruce_sign":2,"minecraft:stripped_mangrove_log":8,"minecraft:dark_oak_stairs":23,"minecraft:stripped_mangrove_wood":27,"minecraft:wheat_seeds":10,"minecraft:mangrove_trapdoor":4,"minecraft:cooked_porkchop":1,"minecraft:feather":2,"minecraft:cobblestone":3,"minecraft:jungle_planks":56,"minecraft:polished_blackstone_button":2,"minecraft:spruce_stairs":1,"minecraft:orange_candle":6,"minecraft:dirt":1,"minecraft:gray_wool":1,"minecraft:diorite":10,"minecraft:repeater":2,"minecraft:dark_oak_trapdoor":13,"minecraft:mangrove_stairs":23,"tombstone:grave_dust":1,"minecraft:jungle_sapling":2,"minecraft:cyan_candle":8,"minecraft:string":1,"minecraft:smooth_sandstone":5,"minecraft:mangrove_slab":17,"minecraft:cyan_carpet":12,"minecraft:polished_deepslate":4,"minecraft:bone":2,"minecraft:redstone":2,"minecraft:waxed_cut_copper_slab":11,"minecraft:nether_brick_slab":4,"minecraft:stone_axe":1,"minecraft:waxed_cut_copper_stairs":16,"minecraft:player_head":2,"minecraft:dark_oak_sign":1,"minecraft:smooth_sandstone_stairs":2,"minecraft:soul_lantern":3,"minecraft:rotten_flesh":17,"minecraft:cooked_mutton":2,"minecraft:white_bed":2,"minecraft:waxed_copper_block":1,"minecraft:lightning_rod":2,"minecraft:leather_chestplate":1,"minecraft:turtle_helmet":1,"minecraft:gunpowder":1,"minecraft:birch_trapdoor":1,"minecraft:waxed_cut_copper":4,"minecraft:spruce_trapdoor":4,"minecraft:birch_door":3,"minecraft:oak_sapling":4,"minecraft:stone_bricks":4,"minecraft:painting":1,"minecraft:wooden_pickaxe":1,"minecraft:calcite":16,"minecraft:stone_brick_stairs":1,"minecraft:cyan_bed":2}},"DataVersion":3700}