{"stats":{"minecraft:crafted":{"minecraft:oak_planks":4,"minecraft:cooked_chicken":1,"minecraft:furnace":4,"minecraft:cooked_mutton":18,"travelersbackpack:white_sleeping_bag":1,"minecraft:stone_pickaxe":2,"minecraft:chest":1,"minecraft:cooked_beef":12,"minecraft:cooked_porkchop":3,"minecraft:crafting_table":1,"minecraft:jungle_boat":2,"minecraft:cooked_salmon":4,"minecraft:stone_axe":3,"minecraft:air":0,"minecraft:jungle_planks":276,"minecraft:stone_sword":3,"minecraft:white_bed":1},"minecraft:broken":{"minecraft:stone_sword":1,"minecraft:stone_axe":2},"minecraft:killed_by":{"minecraft:husk":11,"minecraft:spider":1},"minecraft:custom":{"minecraft:mob_kills":66,"minecraft:open_barrel":16,"minecraft:interact_with_crafting_table":17,"minecraft:damage_dealt_resisted":1075,"minecraft:eat_cake_slice":13,"minecraft:leave_game":10,"minecraft:time_since_death":18467,"minecraft:climb_one_cm":34866,"minecraft:damage_resisted":307,"minecraft:sprint_one_cm":339629,"minecraft:walk_one_cm":254581,"minecraft:drop":111,"minecraft:talked_to_villager":1,"minecraft:play_time":111483,"minecraft:deaths":14,"minecraft:sneak_time":12519,"minecraft:walk_under_water_one_cm":20482,"minecraft:boat_one_cm":37387,"minecraft:jump":1654,"minecraft:interact_with_brewingstand":1,"minecraft:walk_on_water_one_cm":27922,"minecraft:total_world_time":111483,"minecraft:interact_with_furnace":28,"minecraft:tune_noteblock":92,"minecraft:sleep_in_bed":4,"minecraft:time_since_rest":4214,"minecraft:damage_taken":5961,"minecraft:damage_dealt":15319,"minecraft:swim_one_cm":16843,"minecraft:fly_one_cm":335483,"minecraft:player_kills":1,"minecraft:open_chest":24,"minecraft:crouch_one_cm":30985,"tombstone:undead_killed":39,"minecraft:fall_one_cm":56754,"minecraft:interact_with_smithing_table":1},"minecraft:killed":{"minecraft:spider":1,"minecraft:skeleton":2,"minecraft:chicken":1,"minecraft:husk":33,"minecraft:pig":3,"minecraft:salmon":4,"minecraft:sheep":12,"minecraft:zombie":4,"minecraft:cow":6},"minecraft:mined":{"minecraft:dark_oak_planks":214,"minecraft:dark_prismarine":149,"minecraft:waxed_cut_copper_slab":67,"minecraft:spruce_planks":149,"minecraft:mossy_cobblestone":1,"minecraft:stripped_mangrove_log":11,"minecraft:oak_door":2,"minecraft:jungle_leaves":65,"minecraft:red_nether_bricks":55,"minecraft:mangrove_wall_sign":8,"minecraft:glow_lichen":3,"minecraft:spruce_trapdoor":16,"minecraft:ladder":47,"minecraft:granite":1,"minecraft:acacia_log":23,"minecraft:grass_block":12,"minecraft:jungle_planks":20,"minecraft:mangrove_fence":1,"minecraft:jungle_log":83,"minecraft:brick_stairs":1,"minecraft:soul_campfire":4,"minecraft:orange_candle":3,"travelersbackpack:white_sleeping_bag":1,"minecraft:mangrove_trapdoor":11,"minecraft:cartography_table":2,"minecraft:spawner":7,"minecraft:hay_block":20,"minecraft:black_stained_glass_pane":8,"minecraft:furnace":7,"minecraft:dark_oak_trapdoor":126,"minecraft:polished_blackstone_button":1,"minecraft:barrel":3,"minecraft:andesite":2,"minecraft:dark_oak_fence_gate":6,"minecraft:stripped_dark_oak_wood":25,"minecraft:nether_brick_stairs":18,"minecraft:dark_oak_stairs":47,"minecraft:polished_deepslate":4,"minecraft:shroomlight":1,"minecraft:bookshelf":8,"minecraft:water_cauldron":1,"minecraft:vine":169,"minecraft:lantern":2,"minecraft:smooth_sandstone_stairs":11,"minecraft:smooth_quartz_stairs":23,"minecraft:stone":529,"minecraft:stripped_mangrove_wood":53,"minecraft:player_head":9,"minecraft:smithing_table":1,"minecraft:waxed_cut_copper":10,"minecraft:waxed_cut_copper_stairs":41,"minecraft:acacia_leaves":155,"minecraft:mangrove_stairs":29,"minecraft:observer":3,"minecraft:brick_wall":2,"tombstone:grave_simple":1,"minecraft:stone_brick_slab":3,"minecraft:soul_lantern":4,"minecraft:crafting_table":3,"minecraft:smooth_sandstone":10,"minecraft:torch":1,"minecraft:short_grass":46,"minecraft:blast_furnace":2,"minecraft:calcite":89,"minecraft:chest":8,"minecraft:campfire":5,"minecraft:nether_brick_slab":96,"minecraft:lectern":1,"minecraft:spruce_wall_sign":4,"minecraft:lightning_rod":12,"minecraft:potted_oxeye_daisy":1,"minecraft:smooth_quartz_slab":6,"minecraft:cobblestone":18,"minecraft:tall_grass":5,"minecraft:cyan_bed":2,"minecraft:oak_planks":4,"minecraft:bricks":3,"minecraft:diorite":14,"minecraft:cyan_wool":18,"minecraft:spruce_stairs":17,"minecraft:gray_wool":1,"minecraft:stone_stairs":3,"minecraft:chain":1,"minecraft:dark_oak_slab":64,"minecraft:warped_planks":9,"minecraft:dark_oak_wall_sign":2,"minecraft:yellow_wool":8,"minecraft:birch_trapdoor":5,"minecraft:spruce_log":21,"minecraft:waxed_copper_block":3,"minecraft:stone_brick_stairs":7,"minecraft:mangrove_slab":43,"minecraft:oak_log":1,"minecraft:coal_ore":26,"minecraft:cyan_carpet":1,"minecraft:dirt":5,"minecraft:gray_carpet":1,"minecraft:dispenser":1,"minecraft:stone_bricks":16,"minecraft:piston":1,"minecraft:iron_trapdoor":2,"minecraft:cyan_candle":5,"minecraft:oak_leaves":59,"minecraft:fern":1,"minecraft:redstone_lamp":4},"minecraft:picked_up":{"minecraft:birch_door":4,"minecraft:crafting_table":4,"minecraft:chainmail_boots":1,"minecraft:chicken":1,"minecraft:smithing_table":1,"minecraft:wooden_pickaxe":1,"minecraft:enchanted_book":1,"minecraft:stone_brick_stairs":1,"minecraft:polished_deepslate":5,"minecraft:stripped_mangrove_log":8,"minecraft:waxed_cut_copper_slab":14,"minecraft:dark_oak_trapdoor":40,"minecraft:string":2,"minecraft:red_nether_bricks":17,"minecraft:armor_stand":1,"minecraft:cyan_carpet":14,"minecraft:gold_nugget":10,"minecraft:beef":24,"minecraft:calcite":28,"minecraft:jungle_sapling":2,"minecraft:player_head":6,"minecraft:chest":6,"minecraft:smooth_quartz_stairs":16,"minecraft:spruce_trapdoor":4,"minecraft:egg":1,"minecraft:furnace":10,"minecraft:stick":17,"minecraft:stripped_mangrove_wood":33,"minecraft:stone":1,"minecraft:oak_door":2,"minecraft:birch_trapdoor":1,"minecraft:torch":4,"minecraft:acacia_log":46,"minecraft:spruce_stairs":4,"minecraft:porkchop":8,"minecraft:lightning_rod":2,"tombstone:grave_dust":13,"minecraft:diorite":14,"minecraft:redstone":2,"minecraft:mangrove_trapdoor":7,"minecraft:dark_oak_planks":77,"minecraft:waxed_cut_copper_stairs":14,"minecraft:mangrove_stairs":27,"minecraft:arrow":8,"minecraft:rotten_flesh":42,"minecraft:hay_block":20,"minecraft:stripped_dark_oak_wood":5,"minecraft:waxed_cut_copper":4,"minecraft:mutton":31,"minecraft:white_wool":11,"minecraft:cobblestone":191,"minecraft:jungle_boat":2,"minecraft:feather":2,"minecraft:repeater":2,"minecraft:salmon":4,"minecraft:jungle_log":79,"minecraft:leather":12,"minecraft:potato":2,"minecraft:smooth_sandstone_stairs":2,"minecraft:oak_log":1,"minecraft:waxed_copper_block":1,"minecraft:gunpowder":2,"minecraft:mangrove_slab":24,"minecraft:dirt":172,"tombstone:gift":1,"minecraft:cooked_mutton":2,"minecraft:smooth_sandstone":5,"minecraft:bone":8,"minecraft:gray_carpet":1,"minecraft:apple":1,"minecraft:stone_bricks":4,"minecraft:wheat_seeds":10,"minecraft:stone_pickaxe":3,"minecraft:dark_oak_sign":1,"minecraft:cyan_candle":6,"minecraft:acacia_sapling":13,"minecraft:dark_oak_stairs":30,"minecraft:dark_oak_slab":30,"minecraft:cooked_porkchop":1,"minecraft:jungle_planks":215,"minecraft:nether_brick_stairs":9,"minecraft:blast_furnace":2,"minecraft:white_bed":1,"minecraft:orange_candle":6,"minecraft:nether_brick_slab":33,"minecraft:cyan_bed":3,"travelersbackpack:white_sleeping_bag":2,"minecraft:stone_axe":3,"minecraft:soul_lantern":3,"minecraft:polished_blackstone_button":2,"minecraft:painting":1,"minecraft:golden_apple":2,"minecraft:gray_wool":1,"minecraft:spruce_sign":3,"tombstone:magic_scroll":1,"minecraft:oak_sapling":5,"minecraft:coal":71},"minecraft:used":{"minecraft:stone_sword":265,"minecraft:chest":3,"minecraft:rotten_flesh":4,"minecraft:cooked_salmon":4,"minecraft:cooked_chicken":1,"minecraft:dirt":103,"minecraft:diamond_helmet":1,"minecraft:nether_brick_slab":9,"minecraft:carrot":10,"minecraft:acacia_sapling":13,"minecraft:dark_oak_planks":15,"minecraft:stripped_dark_oak_wood":3,"minecraft:dark_oak_slab":30,"minecraft:birch_trapdoor":2,"minecraft:waxed_cut_copper_slab":2,"minecraft:oak_sapling":1,"minecraft:furnace":7,"tombstone:gift":4,"minecraft:egg":1,"minecraft:cooked_beef":2,"minecraft:calcite":1,"minecraft:leather_leggings":1,"minecraft:cooked_mutton":9,"minecraft:diorite":6,"minecraft:stone_pickaxe":53,"minecraft:red_nether_bricks":16,"minecraft:leather_chestplate":2,"minecraft:jungle_boat":2,"minecraft:smooth_quartz_stairs":5,"minecraft:white_wool":2,"minecraft:stripped_mangrove_wood":10,"minecraft:crafting_table":3,"minecraft:mushroom_stew":1,"minecraft:cake":2,"minecraft:apple":1,"minecraft:cyan_carpet":2,"travelersbackpack:white_sleeping_bag":1,"tombstone:magic_scroll":10,"minecraft:stone_axe":224,"minecraft:cobblestone":12,"minecraft:turtle_helmet":1,"minecraft:cooked_porkchop":3},"minecraft:dropped":{"minecraft:nether_brick_stairs":9,"minecraft:spruce_sign":2,"minecraft:stripped_mangrove_log":8,"minecraft:dark_oak_stairs":23,"minecraft:stripped_mangrove_wood":27,"minecraft:wheat_seeds":10,"minecraft:mangrove_trapdoor":4,"minecraft:smooth_quartz_stairs":9,"minecraft:cooked_porkchop":1,"minecraft:feather":2,"minecraft:cobblestone":67,"minecraft:jungle_planks":56,"minecraft:spruce_door":1,"minecraft:polished_blackstone_button":2,"minecraft:spruce_stairs":1,"minecraft:orange_candle":6,"minecraft:stick":4,"minecraft:dirt":1,"minecraft:gray_wool":1,"minecraft:diorite":10,"minecraft:repeater":2,"minecraft:dark_oak_trapdoor":27,"minecraft:mangrove_stairs":23,"minecraft:potion":1,"tombstone:grave_dust":1,"minecraft:jungle_sapling":2,"minecraft:cyan_candle":8,"minecraft:string":1,"minecraft:smooth_sandstone":5,"minecraft:mangrove_slab":17,"minecraft:gray_carpet":1,"minecraft:dandelion":1,"minecraft:cyan_carpet":12,"minecraft:polished_deepslate":4,"minecraft:bone":2,"minecraft:redstone":2,"minecraft:waxed_cut_copper_slab":11,"minecraft:nether_brick_slab":4,"minecraft:stone_axe":1,"minecraft:waxed_cut_copper_stairs":16,"minecraft:player_head":2,"minecraft:dark_oak_sign":4,"minecraft:smooth_sandstone_stairs":2,"minecraft:soul_lantern":3,"minecraft:rotten_flesh":27,"minecraft:cooked_mutton":2,"minecraft:white_bed":2,"minecraft:waxed_copper_block":1,"minecraft:lightning_rod":2,"minecraft:leather_chestplate":1,"minecraft:turtle_helmet":1,"minecraft:gunpowder":1,"minecraft:birch_trapdoor":1,"minecraft:waxed_cut_copper":4,"minecraft:spruce_trapdoor":4,"minecraft:birch_door":3,"minecraft:oak_sapling":4,"minecraft:stone_bricks":4,"minecraft:painting":1,"minecraft:stone_pickaxe":2,"minecraft:wooden_pickaxe":1,"minecraft:calcite":16,"minecraft:stone_brick_stairs":1,"minecraft:cyan_bed":2}},"DataVersion":3700}