{"stats":{"minecraft:crafted":{"minecraft:oak_planks":24,"minecraft:cooked_chicken":1,"minecraft:cooked_mutton":18,"minecraft:glass":1,"minecraft:iron_boots":1,"minecraft:chest":2,"minecraft:cooked_porkchop":3,"minecraft:crafting_table":3,"minecraft:jungle_boat":2,"minecraft:iron_chestplate":1,"minecraft:stick":16,"minecraft:iron_ingot":7,"minecraft:stone_sword":3,"minecraft:furnace":4,"travelersbackpack:white_sleeping_bag":1,"minecraft:stone_pickaxe":5,"minecraft:wheat":333,"minecraft:cooked_beef":12,"minecraft:cooked_salmon":4,"minecraft:stone_axe":5,"minecraft:bread":114,"minecraft:air":0,"minecraft:jungle_planks":276,"minecraft:oak_boat":1,"minecraft:iron_leggings":1,"minecraft:white_bed":1,"minecraft:torch":24},"minecraft:broken":{"minecraft:stone_axe":3,"minecraft:stone_sword":3},"minecraft:killed_by":{"minecraft:piglin_brute":1,"minecraft:drowned":1,"minecraft:husk":16,"minecraft:spider":1,"minecraft:skeleton":1},"minecraft:custom":{"minecraft:interact_with_crafting_table":33,"minecraft:open_barrel":47,"minecraft:eat_cake_slice":18,"minecraft:leave_game":10,"minecraft:time_since_death":43491,"minecraft:damage_resisted":441,"minecraft:sprint_one_cm":702232,"minecraft:drop":256,"minecraft:play_noteblock":1,"minecraft:talked_to_villager":1,"minecraft:play_time":255483,"minecraft:deaths":24,"minecraft:jump":3478,"minecraft:interact_with_brewingstand":1,"minecraft:walk_on_water_one_cm":55157,"minecraft:interact_with_furnace":32,"minecraft:sleep_in_bed":7,"minecraft:damage_dealt":27854,"minecraft:player_kills":2,"minecraft:crouch_one_cm":52490,"tombstone:undead_killed":76,"minecraft:interact_with_smithing_table":2,"minecraft:interact_with_anvil":1,"minecraft:mob_kills":122,"minecraft:damage_dealt_resisted":1625,"minecraft:climb_one_cm":42604,"minecraft:walk_one_cm":491920,"minecraft:sneak_time":20659,"minecraft:walk_under_water_one_cm":47004,"minecraft:boat_one_cm":84742,"minecraft:interact_with_lectern":3,"minecraft:interact_with_blast_furnace":1,"minecraft:total_world_time":255483,"minecraft:tune_noteblock":93,"minecraft:time_since_rest":20268,"minecraft:damage_taken":10986,"minecraft:swim_one_cm":111386,"minecraft:fly_one_cm":754787,"minecraft:open_chest":116,"minecraft:fall_one_cm":114419},"minecraft:killed":{"minecraft:spider":1,"minecraft:skeleton":10,"minecraft:chicken":1,"minecraft:piglin_brute":6,"minecraft:piglin":7,"minecraft:pig":3,"minecraft:salmon":4,"minecraft:sheep":14,"minecraft:zombie":11,"minecraft:cow":10,"minecraft:drowned":4,"minecraft:husk":51},"minecraft:mined":{"minecraft:dark_oak_planks":402,"minecraft:waxed_cut_copper_slab":104,"minecraft:dark_prismarine_stairs":1,"minecraft:spruce_planks":338,"minecraft:jungle_leaves":65,"minecraft:red_nether_bricks":91,"minecraft:bubble_column":4,"minecraft:spruce_trapdoor":38,"minecraft:granite":65,"minecraft:acacia_log":23,"minecraft:grass_block":53,"minecraft:mangrove_fence":6,"minecraft:jungle_log":83,"minecraft:orange_candle":4,"minecraft:polished_diorite":3,"minecraft:hopper":2,"minecraft:sandstone_stairs":3,"minecraft:spawner":13,"minecraft:magma_block":2,"minecraft:dark_oak_trapdoor":193,"minecraft:barrel":3,"minecraft:fire":1,"minecraft:stripped_dark_oak_wood":31,"minecraft:nether_brick_stairs":28,"minecraft:dark_oak_stairs":58,"minecraft:water_cauldron":2,"minecraft:smooth_sandstone_stairs":11,"minecraft:stripped_mangrove_wood":80,"minecraft:player_head":11,"minecraft:spruce_slab":8,"minecraft:waxed_cut_copper_stairs":59,"minecraft:waxed_cut_copper":10,"minecraft:cut_sandstone":36,"minecraft:kelp_plant":2,"minecraft:soul_lantern":5,"minecraft:note_block":1,"minecraft:torch":1,"minecraft:blast_furnace":2,"minecraft:calcite":124,"minecraft:chest":11,"minecraft:nether_brick_slab":126,"minecraft:mushroom_stem":37,"minecraft:spruce_wall_sign":7,"minecraft:smooth_quartz_slab":6,"minecraft:cobblestone":62,"minecraft:cyan_bed":5,"minecraft:oak_planks":4,"minecraft:damaged_anvil":1,"minecraft:bricks":3,"minecraft:wall_torch":3,"minecraft:cauldron":2,"minecraft:chain":2,"minecraft:stone_stairs":5,"minecraft:cyan_wool":18,"minecraft:dark_oak_slab":69,"minecraft:warped_planks":15,"minecraft:yellow_wool":27,"minecraft:waxed_oxidized_cut_copper_stairs":2,"minecraft:birch_trapdoor":13,"minecraft:lilac":2,"minecraft:waxed_copper_block":3,"minecraft:stone_brick_stairs":7,"minecraft:oak_log":6,"minecraft:sand":2,"minecraft:dirt":73,"minecraft:dispenser":1,"minecraft:piston":1,"minecraft:oak_leaves":108,"minecraft:cyan_candle":7,"minecraft:redstone_lamp":4,"minecraft:dark_prismarine":155,"minecraft:mossy_cobblestone":3,"minecraft:stripped_mangrove_log":21,"minecraft:oak_door":2,"minecraft:potted_flowering_azalea_bush":3,"minecraft:mangrove_wall_sign":17,"minecraft:sea_lantern":1,"minecraft:dark_oak_fence":1,"minecraft:glow_lichen":3,"minecraft:ladder":47,"minecraft:jungle_planks":20,"minecraft:brick_stairs":1,"minecraft:mangrove_trapdoor":16,"travelersbackpack:white_sleeping_bag":1,"minecraft:soul_campfire":4,"minecraft:moss_block":5,"minecraft:cartography_table":3,"minecraft:sandstone":6,"minecraft:hay_block":38,"minecraft:black_stained_glass_pane":8,"minecraft:waxed_oxidized_cut_copper":8,"minecraft:furnace":7,"minecraft:polished_blackstone_button":1,"minecraft:suspicious_sand":1,"minecraft:dark_oak_fence_gate":18,"minecraft:andesite":45,"minecraft:polished_deepslate":4,"minecraft:bookshelf":8,"minecraft:cobblestone_slab":4,"minecraft:shroomlight":1,"minecraft:vine":169,"minecraft:lantern":3,"minecraft:smooth_quartz_stairs":33,"minecraft:stone":907,"minecraft:smithing_table":2,"minecraft:acacia_leaves":155,"minecraft:mangrove_stairs":53,"minecraft:brick_wall":2,"tombstone:grave_simple":1,"minecraft:stone_brick_slab":5,"minecraft:observer":3,"minecraft:polished_granite":4,"minecraft:smooth_sandstone":10,"minecraft:crafting_table":7,"minecraft:short_grass":52,"minecraft:rose_bush":1,"minecraft:lectern":1,"minecraft:campfire":5,"minecraft:andesite_wall":2,"minecraft:lightning_rod":14,"minecraft:potted_oxeye_daisy":2,"minecraft:tall_grass":9,"minecraft:diorite":22,"minecraft:spruce_stairs":34,"minecraft:gray_wool":7,"minecraft:cobblestone_wall":4,"minecraft:dark_oak_wall_sign":4,"minecraft:spruce_log":40,"minecraft:dark_prismarine_slab":1,"minecraft:mangrove_slab":60,"minecraft:coal_ore":33,"minecraft:cyan_carpet":2,"minecraft:gray_carpet":1,"minecraft:cracked_stone_bricks":2,"minecraft:stone_bricks":17,"minecraft:iron_trapdoor":2,"minecraft:fern":1},"minecraft:picked_up":{"minecraft:birch_door":8,"minecraft:wheat":9,"minecraft:chainmail_boots":1,"minecraft:yellow_wool":7,"minecraft:smithing_table":2,"minecraft:enchanted_book":2,"minecraft:stone_brick_stairs":1,"tombstone:grave_key":2,"minecraft:polished_deepslate":5,"minecraft:string":2,"minecraft:dark_oak_trapdoor":60,"minecraft:waxed_cut_copper_slab":58,"minecraft:red_nether_bricks":50,"minecraft:armor_stand":2,"minecraft:shroomlight":6,"minecraft:sea_pickle":2,"minecraft:gold_nugget":13,"minecraft:spruce_planks":86,"minecraft:rose_bush":1,"minecraft:calcite":62,"minecraft:smooth_quartz_stairs":19,"minecraft:furnace":10,"minecraft:stick":19,"minecraft:birch_trapdoor":4,"minecraft:torch":23,"minecraft:acacia_log":46,"minecraft:spruce_stairs":10,"minecraft:porkchop":8,"minecraft:lightning_rod":6,"tombstone:grave_dust":14,"minecraft:diorite":19,"minecraft:warped_planks":6,"minecraft:cauldron":5,"minecraft:brown_carpet":3,"minecraft:waxed_cut_copper_stairs":14,"minecraft:honey_bottle":1,"minecraft:mangrove_stairs":37,"minecraft:rotten_flesh":114,"minecraft:waxed_cut_copper":20,"minecraft:cobblestone":456,"minecraft:lilac":2,"minecraft:feather":2,"minecraft:repeater":2,"minecraft:andesite":2,"minecraft:birch_slab":4,"minecraft:jungle_log":79,"minecraft:potato":4,"minecraft:smooth_sandstone_stairs":2,"minecraft:mangrove_slab":27,"minecraft:dirt":236,"minecraft:bone":23,"minecraft:bow":2,"minecraft:wheat_seeds":11,"minecraft:dark_oak_sign":1,"minecraft:cyan_candle":9,"minecraft:moss_block":14,"minecraft:cooked_porkchop":1,"minecraft:stripped_acacia_wood":1,"minecraft:jungle_planks":231,"minecraft:nether_brick_stairs":12,"minecraft:cyan_bed":4,"minecraft:acacia_stairs":1,"minecraft:mossy_cobblestone":1,"minecraft:dark_prismarine":17,"travelersbackpack:white_sleeping_bag":2,"minecraft:bundle":2,"minecraft:dark_prismarine_slab":4,"minecraft:yellow_carpet":5,"minecraft:soul_lantern":4,"minecraft:polished_blackstone_button":2,"minecraft:granite":15,"minecraft:golden_apple":3,"minecraft:spruce_sign":7,"minecraft:oak_sapling":7,"minecraft:dark_oak_fence":1,"minecraft:waxed_oxidized_cut_copper":2,"minecraft:charcoal":2,"minecraft:crafting_table":6,"minecraft:chicken":1,"minecraft:wooden_pickaxe":1,"minecraft:stone_brick_wall":1,"minecraft:shield":1,"minecraft:stripped_mangrove_log":12,"minecraft:stone_stairs":2,"minecraft:cyan_carpet":24,"minecraft:cracked_stone_bricks":2,"minecraft:cartography_table":1,"minecraft:oak_boat":2,"minecraft:dark_prismarine_stairs":1,"minecraft:beef":34,"minecraft:player_head":7,"minecraft:jungle_sapling":2,"minecraft:spruce_slab":6,"minecraft:lectern":1,"minecraft:chest":7,"minecraft:spruce_trapdoor":10,"minecraft:egg":1,"minecraft:sandstone":5,"minecraft:stripped_mangrove_wood":54,"minecraft:stone":1,"minecraft:oak_door":2,"minecraft:note_block":1,"minecraft:cookie":1,"minecraft:mangrove_sign":2,"minecraft:redstone":2,"minecraft:mangrove_trapdoor":7,"minecraft:dark_oak_planks":216,"minecraft:purple_candle":3,"minecraft:arrow":19,"minecraft:pumpkin_pie":1,"minecraft:hay_block":37,"minecraft:stripped_dark_oak_wood":15,"minecraft:mutton":34,"minecraft:white_wool":11,"minecraft:jungle_boat":2,"minecraft:salmon":4,"minecraft:cut_sandstone":12,"minecraft:leather":20,"minecraft:birch_planks":3,"minecraft:chainmail_chestplate":2,"minecraft:oak_log":6,"minecraft:waxed_copper_block":2,"minecraft:cobblestone_wall":1,"minecraft:gunpowder":2,"tombstone:gift":1,"minecraft:cooked_mutton":2,"minecraft:smooth_sandstone":5,"travelersbackpack:cow":1,"minecraft:stone_bricks":4,"minecraft:apple":1,"minecraft:gray_carpet":9,"minecraft:kelp":4,"minecraft:acacia_trapdoor":1,"minecraft:stone_pickaxe":3,"minecraft:cooked_chicken":2,"minecraft:acacia_sapling":13,"minecraft:dark_oak_stairs":32,"minecraft:book":6,"minecraft:dark_oak_slab":60,"minecraft:spruce_log":5,"minecraft:blast_furnace":2,"minecraft:white_bed":1,"minecraft:orange_candle":9,"minecraft:nether_brick_slab":41,"minecraft:dark_oak_fence_gate":7,"minecraft:polished_diorite":1,"minecraft:stone_axe":3,"minecraft:painting":1,"minecraft:gray_wool":8,"tombstone:magic_scroll":1,"minecraft:damaged_anvil":1,"minecraft:black_wool":1,"minecraft:dark_oak_wood":6,"minecraft:coal":81,"minecraft:hopper":2},"minecraft:used":{"minecraft:writable_book":1,"minecraft:chest":9,"minecraft:iron_sword":22,"minecraft:rotten_flesh":4,"minecraft:carrot":14,"minecraft:acacia_sapling":13,"minecraft:stripped_dark_oak_wood":5,"minecraft:mangrove_stairs":1,"minecraft:dark_oak_slab":30,"minecraft:birch_trapdoor":2,"minecraft:bow":6,"minecraft:furnace":7,"minecraft:oak_sapling":1,"minecraft:mangrove_slab":1,"minecraft:egg":1,"minecraft:damaged_anvil":1,"travelersbackpack:cow":2,"minecraft:diorite":6,"minecraft:leather_leggings":2,"minecraft:stone_pickaxe":84,"minecraft:leather_chestplate":3,"minecraft:jungle_boat":2,"minecraft:smooth_quartz_stairs":12,"minecraft:cookie":1,"minecraft:white_wool":2,"minecraft:stripped_mangrove_wood":16,"minecraft:mushroom_stew":1,"minecraft:bread":50,"minecraft:cyan_bed":3,"minecraft:cyan_carpet":2,"minecraft:lectern":1,"minecraft:diamond_sword":97,"minecraft:oak_boat":2,"minecraft:stone_sword":412,"minecraft:spruce_planks":1,"minecraft:cooked_salmon":4,"minecraft:cooked_chicken":3,"minecraft:torch":13,"minecraft:dirt":157,"minecraft:nether_brick_slab":10,"minecraft:diamond_helmet":1,"minecraft:nether_brick_stairs":3,"minecraft:dark_oak_planks":18,"minecraft:waxed_cut_copper_slab":2,"tombstone:gift":8,"minecraft:cooked_beef":2,"minecraft:calcite":28,"minecraft:cooked_mutton":10,"minecraft:red_nether_bricks":24,"minecraft:cauldron":2,"minecraft:crafting_table":5,"minecraft:cake":2,"minecraft:apple":1,"minecraft:map":3,"travelersbackpack:white_sleeping_bag":1,"tombstone:magic_scroll":10,"minecraft:stone_axe":262,"minecraft:cobblestone":99,"minecraft:turtle_helmet":1,"minecraft:cooked_porkchop":3,"minecraft:pumpkin_pie":1},"minecraft:dropped":{"minecraft:nether_brick_stairs":9,"minecraft:spruce_sign":4,"minecraft:moss_block":3,"minecraft:dark_oak_stairs":24,"minecraft:stripped_mangrove_wood":42,"minecraft:crafting_table":1,"minecraft:cooked_porkchop":1,"minecraft:dark_oak_slab":8,"minecraft:honeycomb":11,"minecraft:jungle_planks":72,"minecraft:cracked_stone_bricks":2,"minecraft:dirt":11,"minecraft:dark_oak_fence":1,"minecraft:dark_oak_wood":6,"minecraft:dark_oak_trapdoor":46,"minecraft:cut_sandstone":19,"minecraft:mangrove_stairs":32,"minecraft:stripped_dark_oak_wood":8,"minecraft:jungle_sapling":2,"minecraft:gold_nugget":1,"minecraft:sand":2,"minecraft:dark_oak_planks":28,"minecraft:mangrove_slab":19,"minecraft:cyan_carpet":20,"minecraft:cauldron":2,"minecraft:armor_stand":1,"minecraft:bone":2,"minecraft:waxed_cut_copper_slab":57,"minecraft:note_block":1,"minecraft:stone_axe":1,"minecraft:waxed_cut_copper_stairs":16,"minecraft:smooth_sandstone_stairs":2,"minecraft:soul_lantern":4,"minecraft:rotten_flesh":96,"minecraft:cooked_mutton":2,"minecraft:honey_bottle":1,"minecraft:white_bed":2,"minecraft:acacia_stairs":1,"minecraft:warped_planks":6,"minecraft:dark_oak_fence_gate":7,"minecraft:mangrove_sign":2,"minecraft:waxed_copper_block":2,"minecraft:chainmail_chestplate":3,"minecraft:leather_chestplate":2,"minecraft:turtle_helmet":1,"minecraft:gunpowder":1,"minecraft:birch_trapdoor":4,"minecraft:hopper":2,"minecraft:birch_door":7,"minecraft:chainmail_boots":2,"minecraft:leather_leggings":1,"minecraft:painting":1,"minecraft:red_nether_bricks":25,"minecraft:stone_brick_stairs":1,"minecraft:iron_ingot":7,"minecraft:enchanted_book":1,"minecraft:stripped_mangrove_log":12,"minecraft:wheat_seeds":11,"minecraft:lilac":1,"minecraft:mangrove_trapdoor":4,"minecraft:mossy_cobblestone":1,"minecraft:smooth_quartz_stairs":9,"minecraft:dark_prismarine_slab":4,"minecraft:feather":2,"minecraft:cobblestone":172,"minecraft:granite":15,"minecraft:spruce_door":1,"minecraft:acacia_trapdoor":1,"minecraft:spruce_stairs":6,"minecraft:polished_blackstone_button":2,"minecraft:yellow_carpet":5,"minecraft:coal":2,"minecraft:orange_candle":9,"minecraft:stick":4,"minecraft:gray_wool":7,"minecraft:diorite":15,"minecraft:torch":20,"tombstone:grave_key":2,"minecraft:repeater":2,"minecraft:diamond_helmet":1,"tombstone:grave_dust":1,"minecraft:potion":1,"minecraft:cyan_candle":11,"minecraft:smooth_sandstone":5,"minecraft:string":1,"minecraft:gray_carpet":9,"minecraft:dandelion":1,"minecraft:redstone":2,"minecraft:polished_deepslate":4,"minecraft:nether_brick_slab":4,"minecraft:kelp":4,"minecraft:player_head":3,"minecraft:dark_prismarine_stairs":1,"minecraft:cobblestone_wall":1,"minecraft:dark_oak_sign":4,"minecraft:stripped_acacia_wood":1,"minecraft:lightning_rod":6,"minecraft:shroomlight":1,"minecraft:sea_pickle":2,"minecraft:waxed_cut_copper":20,"minecraft:bundle":1,"minecraft:spruce_planks":43,"minecraft:spruce_trapdoor":9,"minecraft:andesite":1,"minecraft:cake":1,"minecraft:oak_sapling":6,"minecraft:waxed_oxidized_cut_copper":2,"minecraft:stone_bricks":4,"minecraft:brown_carpet":3,"minecraft:spruce_log":5,"minecraft:sandstone":5,"minecraft:bow":1,"minecraft:purple_candle":3,"minecraft:stone_pickaxe":2,"minecraft:wooden_pickaxe":1,"minecraft:calcite":35,"minecraft:dark_prismarine":17,"minecraft:cyan_bed":2}},"DataVersion":3700}