{"stats":{"minecraft:killed_by":{"minecraft:spider":1},"minecraft:custom":{"minecraft:time_since_rest":2395,"minecraft:sprint_one_cm":49748,"minecraft:damage_taken":399,"minecraft:walk_one_cm":32797,"minecraft:drop":7,"minecraft:damage_dealt":172,"minecraft:swim_one_cm":6320,"minecraft:fly_one_cm":81815,"minecraft:crouch_one_cm":1043,"minecraft:play_time":15483,"minecraft:deaths":2,"minecraft:sneak_time":208,"minecraft:walk_under_water_one_cm":184,"minecraft:jump":359,"minecraft:leave_game":10,"minecraft:time_since_death":3170,"minecraft:walk_on_water_one_cm":380,"minecraft:total_world_time":15483,"minecraft:fall_one_cm":11303},"minecraft:mined":{"minecraft:acacia_leaves":155,"minecraft:jungle_leaves":23,"minecraft:crafting_table":1,"minecraft:short_grass":18,"minecraft:acacia_log":23,"minecraft:oak_log":1,"minecraft:vine":109,"minecraft:jungle_log":80,"minecraft:tall_grass":4,"minecraft:oak_leaves":5},"minecraft:picked_up":{"minecraft:stick":8,"minecraft:crafting_table":1,"minecraft:jungle_log":69,"minecraft:acacia_log":23,"minecraft:oak_log":1,"minecraft:gunpowder":1,"minecraft:dirt":109,"minecraft:rotten_flesh":9,"minecraft:wheat_seeds":5,"minecraft:jungle_sapling":1,"minecraft:oak_sapling":1,"minecraft:acacia_sapling":13,"minecraft:cobblestone":35},"minecraft:used":{"minecraft:dirt":25,"minecraft:crafting_table":1,"tombstone:gift":2,"minecraft:acacia_sapling":13},"minecraft:dropped":{"minecraft:wheat_seeds":4,"minecraft:gunpowder":1,"tombstone:grave_dust":1,"minecraft:rotten_flesh":6}},"DataVersion":3700}