{"stats":{"minecraft:crafted":{"minecraft:oak_planks":4,"minecraft:cooked_chicken":1,"minecraft:cooked_mutton":18,"minecraft:iron_boots":1,"minecraft:chest":1,"minecraft:cooked_porkchop":3,"minecraft:crafting_table":2,"minecraft:jungle_boat":2,"minecraft:iron_chestplate":1,"minecraft:stick":16,"minecraft:stone_sword":3,"minecraft:furnace":4,"travelersbackpack:white_sleeping_bag":1,"minecraft:stone_pickaxe":5,"minecraft:cooked_beef":12,"minecraft:cooked_salmon":4,"minecraft:stone_axe":5,"minecraft:air":0,"minecraft:jungle_planks":276,"minecraft:iron_leggings":1,"minecraft:white_bed":1,"minecraft:torch":24},"minecraft:broken":{"minecraft:stone_axe":3,"minecraft:stone_sword":3},"minecraft:killed_by":{"minecraft:husk":16,"minecraft:spider":1,"minecraft:skeleton":1},"minecraft:custom":{"minecraft:interact_with_crafting_table":21,"minecraft:open_barrel":29,"minecraft:eat_cake_slice":18,"minecraft:leave_game":10,"minecraft:time_since_death":22180,"minecraft:damage_resisted":441,"minecraft:sprint_one_cm":460406,"minecraft:drop":200,"minecraft:play_noteblock":1,"minecraft:talked_to_villager":1,"minecraft:play_time":171483,"minecraft:deaths":20,"minecraft:jump":2243,"minecraft:interact_with_brewingstand":1,"minecraft:walk_on_water_one_cm":39048,"minecraft:interact_with_furnace":28,"minecraft:sleep_in_bed":6,"minecraft:damage_dealt":21238,"minecraft:player_kills":2,"minecraft:crouch_one_cm":44381,"tombstone:undead_killed":64,"minecraft:interact_with_smithing_table":1,"minecraft:mob_kills":91,"minecraft:damage_dealt_resisted":1625,"minecraft:climb_one_cm":38055,"minecraft:walk_one_cm":377154,"minecraft:sneak_time":17918,"minecraft:walk_under_water_one_cm":22801,"minecraft:boat_one_cm":37387,"minecraft:interact_with_lectern":3,"minecraft:interact_with_blast_furnace":1,"minecraft:total_world_time":171483,"minecraft:tune_noteblock":93,"minecraft:time_since_rest":576,"minecraft:damage_taken":9018,"minecraft:swim_one_cm":21029,"minecraft:fly_one_cm":447079,"minecraft:open_chest":54,"minecraft:fall_one_cm":80849},"minecraft:killed":{"minecraft:spider":1,"minecraft:skeleton":8,"minecraft:chicken":1,"minecraft:pig":3,"minecraft:salmon":4,"minecraft:sheep":12,"minecraft:zombie":5,"minecraft:cow":6,"minecraft:husk":51},"minecraft:mined":{"minecraft:dark_oak_planks":381,"minecraft:waxed_cut_copper_slab":104,"minecraft:dark_prismarine_stairs":1,"minecraft:spruce_planks":213,"minecraft:jungle_leaves":65,"minecraft:red_nether_bricks":89,"minecraft:spruce_trapdoor":35,"minecraft:granite":52,"minecraft:acacia_log":23,"minecraft:grass_block":50,"minecraft:mangrove_fence":6,"minecraft:jungle_log":83,"minecraft:orange_candle":4,"minecraft:spawner":12,"minecraft:dark_oak_trapdoor":190,"minecraft:barrel":3,"minecraft:fire":1,"minecraft:stripped_dark_oak_wood":31,"minecraft:nether_brick_stairs":27,"minecraft:dark_oak_stairs":57,"minecraft:water_cauldron":2,"minecraft:smooth_sandstone_stairs":11,"minecraft:stripped_mangrove_wood":78,"minecraft:player_head":11,"minecraft:spruce_slab":8,"minecraft:waxed_cut_copper_stairs":59,"minecraft:waxed_cut_copper":10,"minecraft:soul_lantern":5,"minecraft:torch":1,"minecraft:blast_furnace":2,"minecraft:calcite":100,"minecraft:chest":10,"minecraft:nether_brick_slab":126,"minecraft:spruce_wall_sign":6,"minecraft:smooth_quartz_slab":6,"minecraft:cobblestone":57,"minecraft:cyan_bed":5,"minecraft:oak_planks":4,"minecraft:bricks":3,"minecraft:wall_torch":2,"minecraft:chain":2,"minecraft:stone_stairs":5,"minecraft:cyan_wool":18,"minecraft:dark_oak_slab":69,"minecraft:warped_planks":15,"minecraft:yellow_wool":25,"minecraft:birch_trapdoor":5,"minecraft:waxed_copper_block":3,"minecraft:stone_brick_stairs":7,"minecraft:oak_log":1,"minecraft:dirt":63,"minecraft:dispenser":1,"minecraft:piston":1,"minecraft:oak_leaves":59,"minecraft:cyan_candle":7,"minecraft:redstone_lamp":4,"minecraft:dark_prismarine":149,"minecraft:mossy_cobblestone":3,"minecraft:stripped_mangrove_log":19,"minecraft:oak_door":2,"minecraft:potted_flowering_azalea_bush":3,"minecraft:mangrove_wall_sign":17,"minecraft:glow_lichen":3,"minecraft:ladder":47,"minecraft:jungle_planks":20,"minecraft:brick_stairs":1,"minecraft:mangrove_trapdoor":16,"travelersbackpack:white_sleeping_bag":1,"minecraft:soul_campfire":4,"minecraft:cartography_table":3,"minecraft:hay_block":20,"minecraft:black_stained_glass_pane":8,"minecraft:furnace":7,"minecraft:polished_blackstone_button":1,"minecraft:dark_oak_fence_gate":18,"minecraft:andesite":2,"minecraft:polished_deepslate":4,"minecraft:bookshelf":8,"minecraft:shroomlight":1,"minecraft:vine":169,"minecraft:lantern":3,"minecraft:smooth_quartz_stairs":33,"minecraft:stone":832,"minecraft:smithing_table":1,"minecraft:acacia_leaves":155,"minecraft:mangrove_stairs":53,"minecraft:brick_wall":2,"tombstone:grave_simple":1,"minecraft:stone_brick_slab":5,"minecraft:observer":3,"minecraft:smooth_sandstone":10,"minecraft:crafting_table":5,"minecraft:short_grass":46,"minecraft:lectern":1,"minecraft:campfire":5,"minecraft:lightning_rod":14,"minecraft:potted_oxeye_daisy":2,"minecraft:tall_grass":6,"minecraft:diorite":15,"minecraft:spruce_stairs":34,"minecraft:gray_wool":7,"minecraft:dark_oak_wall_sign":3,"minecraft:spruce_log":40,"minecraft:dark_prismarine_slab":1,"minecraft:mangrove_slab":57,"minecraft:coal_ore":31,"minecraft:cyan_carpet":2,"minecraft:gray_carpet":1,"minecraft:cracked_stone_bricks":2,"minecraft:stone_bricks":16,"minecraft:iron_trapdoor":2,"minecraft:fern":1},"minecraft:picked_up":{"minecraft:birch_door":7,"minecraft:chainmail_boots":1,"minecraft:yellow_wool":7,"minecraft:smithing_table":1,"minecraft:enchanted_book":2,"minecraft:stone_brick_stairs":1,"minecraft:polished_deepslate":5,"minecraft:string":2,"minecraft:dark_oak_trapdoor":59,"minecraft:waxed_cut_copper_slab":58,"minecraft:red_nether_bricks":50,"minecraft:armor_stand":2,"minecraft:sea_pickle":2,"minecraft:gold_nugget":10,"minecraft:spruce_planks":36,"minecraft:calcite":48,"minecraft:smooth_quartz_stairs":19,"minecraft:furnace":10,"minecraft:stick":17,"minecraft:birch_trapdoor":1,"minecraft:torch":5,"minecraft:acacia_log":46,"minecraft:spruce_stairs":9,"minecraft:porkchop":8,"minecraft:lightning_rod":6,"tombstone:grave_dust":14,"minecraft:diorite":15,"minecraft:warped_planks":6,"minecraft:cauldron":1,"minecraft:brown_carpet":3,"minecraft:waxed_cut_copper_stairs":14,"minecraft:honey_bottle":1,"minecraft:mangrove_stairs":37,"minecraft:rotten_flesh":108,"minecraft:waxed_cut_copper":20,"minecraft:cobblestone":424,"minecraft:feather":2,"minecraft:repeater":2,"minecraft:jungle_log":79,"minecraft:potato":3,"minecraft:smooth_sandstone_stairs":2,"minecraft:mangrove_slab":26,"minecraft:dirt":226,"minecraft:bone":20,"minecraft:bow":2,"minecraft:wheat_seeds":10,"minecraft:dark_oak_sign":1,"minecraft:cyan_candle":9,"minecraft:cooked_porkchop":1,"minecraft:jungle_planks":231,"minecraft:nether_brick_stairs":12,"minecraft:cyan_bed":4,"minecraft:mossy_cobblestone":1,"minecraft:dark_prismarine":16,"travelersbackpack:white_sleeping_bag":2,"minecraft:dark_prismarine_slab":4,"minecraft:yellow_carpet":5,"minecraft:soul_lantern":4,"minecraft:polished_blackstone_button":2,"minecraft:granite":3,"minecraft:golden_apple":2,"minecraft:spruce_sign":6,"minecraft:oak_sapling":5,"minecraft:charcoal":2,"minecraft:crafting_table":4,"minecraft:chicken":1,"minecraft:wooden_pickaxe":1,"minecraft:stripped_mangrove_log":12,"minecraft:stone_stairs":2,"minecraft:cyan_carpet":24,"minecraft:cracked_stone_bricks":2,"minecraft:cartography_table":1,"minecraft:dark_prismarine_stairs":1,"minecraft:beef":24,"minecraft:player_head":7,"minecraft:jungle_sapling":2,"minecraft:spruce_slab":6,"minecraft:lectern":1,"minecraft:chest":6,"minecraft:spruce_trapdoor":7,"minecraft:egg":1,"minecraft:stripped_mangrove_wood":54,"minecraft:stone":1,"minecraft:oak_door":2,"minecraft:note_block":1,"minecraft:cookie":1,"minecraft:mangrove_sign":2,"minecraft:redstone":2,"minecraft:mangrove_trapdoor":7,"minecraft:dark_oak_planks":208,"minecraft:purple_candle":3,"minecraft:arrow":18,"minecraft:pumpkin_pie":1,"minecraft:hay_block":20,"minecraft:stripped_dark_oak_wood":15,"minecraft:mutton":31,"minecraft:white_wool":11,"minecraft:jungle_boat":2,"minecraft:salmon":4,"minecraft:leather":12,"minecraft:chainmail_chestplate":2,"minecraft:oak_log":1,"minecraft:waxed_copper_block":2,"minecraft:gunpowder":2,"tombstone:gift":1,"minecraft:cooked_mutton":2,"minecraft:smooth_sandstone":5,"minecraft:stone_bricks":4,"minecraft:apple":1,"minecraft:gray_carpet":9,"minecraft:stone_pickaxe":3,"minecraft:cooked_chicken":2,"minecraft:acacia_sapling":13,"minecraft:dark_oak_stairs":32,"minecraft:book":6,"minecraft:dark_oak_slab":60,"minecraft:spruce_log":5,"minecraft:blast_furnace":2,"minecraft:white_bed":1,"minecraft:orange_candle":9,"minecraft:nether_brick_slab":41,"minecraft:dark_oak_fence_gate":7,"minecraft:stone_axe":3,"minecraft:painting":1,"minecraft:gray_wool":7,"tombstone:magic_scroll":1,"minecraft:coal":73},"minecraft:used":{"minecraft:writable_book":1,"minecraft:chest":7,"minecraft:rotten_flesh":4,"minecraft:carrot":10,"minecraft:acacia_sapling":13,"minecraft:stripped_dark_oak_wood":5,"minecraft:mangrove_stairs":1,"minecraft:dark_oak_slab":30,"minecraft:birch_trapdoor":2,"minecraft:bow":6,"minecraft:furnace":7,"minecraft:oak_sapling":1,"minecraft:mangrove_slab":1,"minecraft:egg":1,"minecraft:diorite":6,"minecraft:leather_leggings":2,"minecraft:stone_pickaxe":76,"minecraft:leather_chestplate":3,"minecraft:jungle_boat":2,"minecraft:smooth_quartz_stairs":12,"minecraft:cookie":1,"minecraft:white_wool":2,"minecraft:stripped_mangrove_wood":16,"minecraft:mushroom_stew":1,"minecraft:bread":18,"minecraft:cyan_bed":3,"minecraft:cyan_carpet":2,"minecraft:lectern":1,"minecraft:stone_sword":412,"minecraft:cooked_salmon":4,"minecraft:cooked_chicken":3,"minecraft:torch":3,"minecraft:dirt":148,"minecraft:nether_brick_slab":10,"minecraft:diamond_helmet":1,"minecraft:nether_brick_stairs":3,"minecraft:dark_oak_planks":18,"minecraft:waxed_cut_copper_slab":2,"tombstone:gift":6,"minecraft:cooked_beef":2,"minecraft:calcite":16,"minecraft:cooked_mutton":10,"minecraft:red_nether_bricks":24,"minecraft:crafting_table":3,"minecraft:cake":2,"minecraft:apple":1,"travelersbackpack:white_sleeping_bag":1,"tombstone:magic_scroll":10,"minecraft:stone_axe":245,"minecraft:cobblestone":57,"minecraft:turtle_helmet":1,"minecraft:cooked_porkchop":3},"minecraft:dropped":{"minecraft:nether_brick_stairs":9,"minecraft:spruce_sign":4,"minecraft:dark_oak_stairs":24,"minecraft:stripped_mangrove_wood":42,"minecraft:crafting_table":1,"minecraft:cooked_porkchop":1,"minecraft:dark_oak_slab":8,"minecraft:jungle_planks":72,"minecraft:cracked_stone_bricks":2,"minecraft:dirt":2,"minecraft:dark_oak_trapdoor":45,"minecraft:mangrove_stairs":32,"minecraft:stripped_dark_oak_wood":8,"minecraft:jungle_sapling":2,"minecraft:dark_oak_planks":20,"minecraft:mangrove_slab":17,"minecraft:cyan_carpet":20,"minecraft:armor_stand":1,"minecraft:bone":2,"minecraft:waxed_cut_copper_slab":57,"minecraft:note_block":1,"minecraft:stone_axe":1,"minecraft:waxed_cut_copper_stairs":16,"minecraft:smooth_sandstone_stairs":2,"minecraft:soul_lantern":3,"minecraft:rotten_flesh":93,"minecraft:cooked_mutton":2,"minecraft:honey_bottle":1,"minecraft:white_bed":2,"minecraft:warped_planks":6,"minecraft:dark_oak_fence_gate":7,"minecraft:mangrove_sign":2,"minecraft:waxed_copper_block":2,"minecraft:chainmail_chestplate":3,"minecraft:leather_chestplate":2,"minecraft:turtle_helmet":1,"minecraft:gunpowder":1,"minecraft:birch_trapdoor":1,"minecraft:birch_door":6,"minecraft:chainmail_boots":2,"minecraft:leather_leggings":1,"minecraft:painting":1,"minecraft:red_nether_bricks":25,"minecraft:stone_brick_stairs":1,"minecraft:enchanted_book":1,"minecraft:stripped_mangrove_log":12,"minecraft:wheat_seeds":10,"minecraft:mangrove_trapdoor":4,"minecraft:mossy_cobblestone":1,"minecraft:smooth_quartz_stairs":9,"minecraft:dark_prismarine_slab":1,"minecraft:feather":2,"minecraft:cobblestone":122,"minecraft:granite":3,"minecraft:spruce_door":1,"minecraft:spruce_stairs":4,"minecraft:polished_blackstone_button":2,"minecraft:yellow_carpet":1,"minecraft:coal":2,"minecraft:orange_candle":6,"minecraft:stick":4,"minecraft:gray_wool":2,"minecraft:diorite":11,"minecraft:torch":1,"minecraft:repeater":2,"minecraft:diamond_helmet":1,"tombstone:grave_dust":1,"minecraft:potion":1,"minecraft:cyan_candle":11,"minecraft:smooth_sandstone":5,"minecraft:string":1,"minecraft:gray_carpet":7,"minecraft:dandelion":1,"minecraft:redstone":2,"minecraft:polished_deepslate":4,"minecraft:nether_brick_slab":4,"minecraft:player_head":3,"minecraft:dark_prismarine_stairs":1,"minecraft:dark_oak_sign":4,"minecraft:lightning_rod":6,"minecraft:sea_pickle":2,"minecraft:waxed_cut_copper":20,"minecraft:spruce_trapdoor":4,"minecraft:cake":1,"minecraft:oak_sapling":4,"minecraft:stone_bricks":4,"minecraft:brown_carpet":3,"minecraft:spruce_log":5,"minecraft:bow":1,"minecraft:purple_candle":3,"minecraft:stone_pickaxe":2,"minecraft:wooden_pickaxe":1,"minecraft:calcite":21,"minecraft:dark_prismarine":11,"minecraft:cyan_bed":2}},"DataVersion":3700}