{"stats":{"minecraft:killed_by":{"minecraft:player":3},"minecraft:dropped":{"minecraft:iron_ingot":3,"minecraft:iron_sword":1,"minecraft:wheat_seeds":2,"minecraft:baked_potato":1,"minecraft:cobbled_deepslate":64,"minecraft:iron_chestplate":1,"minecraft:andesite":2,"minecraft:diamond_helmet":1,"minecraft:iron_leggings":1,"tombstone:grave_dust":4,"minecraft:cobblestone":22,"minecraft:pumpkin_pie":15,"minecraft:iron_boots":2,"minecraft:iron_axe":2,"minecraft:iron_pickaxe":2,"minecraft:coal":16},"minecraft:used":{"minecraft:iron_pickaxe":1,"minecraft:iron_sword":22,"minecraft:iron_boots":1,"minecraft:iron_chestplate":1,"minecraft:diamond_helmet":1,"tombstone:gift":4,"minecraft:iron_leggings":1},"minecraft:crafted":{"minecraft:iron_axe":1,"minecraft:stick":8,"minecraft:iron_ingot":43,"minecraft:baked_potato":22,"minecraft:iron_pickaxe":1,"minecraft:iron_sword":1,"minecraft:air":0},"minecraft:picked_up":{"minecraft:iron_chestplate":1,"minecraft:andesite":2,"tombstone:grave_dust":1,"minecraft:lapis_lazuli":9,"minecraft:iron_axe":1,"minecraft:iron_leggings":1,"minecraft:wheat_seeds":2,"minecraft:diamond_helmet":1,"minecraft:iron_pickaxe":2,"minecraft:iron_sword":1,"minecraft:iron_boots":2,"minecraft:cobblestone":22},"minecraft:custom":{"minecraft:time_since_rest":1,"minecraft:interact_with_smithing_table":2,"minecraft:interact_with_furnace":25,"minecraft:sprint_one_cm":27683,"minecraft:damage_taken":654,"minecraft:walk_one_cm":48130,"tombstone:sneak_grave":1,"minecraft:interact_with_anvil":1,"minecraft:drop":139,"minecraft:damage_dealt":345,"minecraft:interact_with_crafting_table":5,"minecraft:swim_one_cm":6438,"minecraft:fly_one_cm":44764,"minecraft:open_chest":19,"minecraft:crouch_one_cm":443,"minecraft:play_time":14352,"minecraft:deaths":9,"minecraft:sneak_time":84,"minecraft:walk_under_water_one_cm":4079,"minecraft:jump":259,"minecraft:walk_on_water_one_cm":741,"minecraft:time_since_death":170,"minecraft:total_world_time":14352,"minecraft:climb_one_cm":10285,"minecraft:fall_one_cm":2859},"minecraft:mined":{"minecraft:tall_grass":1}},"DataVersion":3700}